[13-Apr-2026 12:05:59 America/Santiago] Acción 'get_cmdb_data_for_zabbix' iniciada. Tablas solicitadas: sheet_equipos
[13-Apr-2026 12:05:59 America/Santiago] Consultando tabla 'sheet_equipos': Se encontraron 155 filas.
[13-Apr-2026 12:33:30 America/Santiago] Uncaught Exception: SQLSTATE[01000]: Warning: 1265 Data truncated for column 'estado_actual' at row 1
[13-Apr-2026 12:39:06 America/Santiago] PHP Fatal error:  Uncaught PDOException: SQLSTATE[42S22]: Column not found: 1054 Unknown column 'hostname' in 'SELECT' in /var/www/html/VILASECA/CMDBPRnew/scripts/test_update.php:11
Stack trace:
#0 /var/www/html/VILASECA/CMDBPRnew/scripts/test_update.php(11): PDOStatement->execute()
#1 {main}
  thrown in /var/www/html/VILASECA/CMDBPRnew/scripts/test_update.php on line 11
[13-Apr-2026 12:41:22 America/Santiago] UPDATE REQUEST: Table=sheet_vmplataformas_, ID=1, Data={"asset_code":"AE-00053","item_id":"1","pais":"EC","ciudad":"GYE","sucursal":"ECUABARNICES","unidad":"UNE","hostgroup":"EC_GYE_ECUABARNICES _UNE","tipo":"SWITCH","area":"IT","nomenclatura":"EC_GYE_UNE_SW_DIST_ECUABARNICES","ip":"192.168.24.50","visiblename":"EC_GYE_UNE_SW_DIST_ECUABARNICES -192.168.24.50","snmp":"c0mpSEm593#","seccion":"Centro de Computo Principal - ADM","modelo":"HP - 5130-24G-4SFP\u00a0JG932A","serial":"CN55GPV117","vlan":"1,70,80,110,130,90,190,910","estado":"Producci\u00f3n","propietario":"Jose Luis Pesantes","marca":"HP - 5130-24G-4SFP\u00a0JG932A","clasificacion":"DIST","visible":"SW-A","mac":"5C8A384BF330","estado_actual":"USADO1","action":"update","table":"sheet_vmplataformas_","id":"1","csrf_token":"57d927515cc5be445091e6364297120b97679848f3e0b947f326a49900036878"}
[13-Apr-2026 12:42:06 America/Santiago] UPDATE REQUEST: Table=sheet_vmplataformas_, ID=1, Data={"asset_code":"AE-00053","item_id":"1","pais":"EC","ciudad":"GYE","sucursal":"ECUABARNICES","unidad":"UNE","hostgroup":"EC_GYE_ECUABARNICES _UNE","tipo":"SWITCH","area":"IT","nomenclatura":"EC_GYE_UNE_SW_DIST_ECUABARNICES","ip":"192.168.24.50","visiblename":"EC_GYE_UNE_SW_DIST_ECUABARNICES -192.168.24.50","snmp":"c0mpSEm593#","seccion":"Centro de Computo Principal - ADM","modelo":"HP - 5130-24G-4SFP\u00a0JG932A","serial":"CN55GPV117","vlan":"1,70,80,110,130,90,190,910","estado":"Producci\u00f3n","propietario":"Jose Luis Pesantes1","marca":"HP - 5130-24G-4SFP\u00a0JG932A","clasificacion":"DIST","visible":"SW-A","mac":"5C8A384BF330","estado_actual":"USADO","action":"update","table":"sheet_vmplataformas_","id":"1","csrf_token":"57d927515cc5be445091e6364297120b97679848f3e0b947f326a49900036878"}
[13-Apr-2026 12:57:00 America/Santiago] UPDATE REQUEST: Table=sheet_vmplataformas_, ID=1, Data={"asset_code":"AE-00053","item_id":"1","pais":"EC","ciudad":"GYE","sucursal":"ECUABARNICES","unidad":"UNE","hostgroup":"EC_GYE_ECUABARNICES _UNE","tipo":"SWITCH","area":"IT","nomenclatura":"EC_GYE_UNE_SW_DIST_ECUABARNICES","ip":"192.168.24.50","visiblename":"EC_GYE_UNE_SW_DIST_ECUABARNICES -192.168.24.50","snmp":"c0mpSEm593#","seccion":"Centro de Computo Principal - ADM","modelo":"HP - 5130-24G-4SFP\u00a0JG932A","serial":"CN55GPV117","vlan":"1,70,80,110,130,90,190,910","estado":"Producci\u00f3n1","propietario":"Jose Luis Pesantes","marca":"HP - 5130-24G-4SFP\u00a0JG932A","clasificacion":"DIST","visible":"SW-A","mac":"5C8A384BF330","estado_actual":"USADO","action":"update","table":"sheet_vmplataformas_","id":"1","csrf_token":"57d927515cc5be445091e6364297120b97679848f3e0b947f326a49900036878"}
[13-Apr-2026 12:57:00 America/Santiago] UPDATE SUCCESS: Table=sheet_vmplataformas_, ID=1, RowsAffected=0, NewData={"id":1,"_row_hash":"36ff42eb2d114e59a0fa27ea9f0514d8","estado_actual":"USADO","created_at":"2026-01-30 12:22:36","updated_at":"2026-04-13 11:42:06","unidad_de_negocio":"UNE","servidor":"VM-FADMETAL-LITO01","ip":"192.168.24.50","usuario":"PAM","contrase_a_actual":"PAM","data":null,"observaciones":"","acceso":"PAM"}
[13-Apr-2026 13:23:59 America/Santiago] PHP Warning:  Cannot modify header information - headers already sent by (output started at /var/www/html/VILASECA/CMDBPRnew/public/partials/sidebar.php:50) in /var/www/html/VILASECA/CMDBPRnew/src/auth.php on line 33
[13-Apr-2026 13:30:17 America/Santiago] UPDATE REQUEST: Table=sheet_vmplataformas_, ID=1, Data={"asset_code":"AE-00053","item_id":"1","pais":"EC","ciudad":"GYE","sucursal":"ECUABARNICES","unidad":"UNE","hostgroup":"EC_GYE_ECUABARNICES _UNE","tipo":"SWITCH","area":"IT","nomenclatura":"EC_GYE_UNE_SW_DIST_ECUABARNICES","ip":"192.168.24.50","visiblename":"EC_GYE_UNE_SW_DIST_ECUABARNICES -192.168.24.50","snmp":"c0mpSEm593#","seccion":"Centro de Computo Principal - ADM","modelo":"HP - 5130-24G-4SFP\u00a0JG932A","serial":"CN55GPV117","vlan":"1,70,80,110,130,90,190,910","estado":"Producci\u00f3nee","propietario":"Jose Luis Pesantes","marca":"HP - 5130-24G-4SFP\u00a0JG932A","clasificacion":"DIST","visible":"SW-A","mac":"5C8A384BF330","estado_actual":"USADO","action":"update","table":"sheet_vmplataformas_","id":"1","csrf_token":"57d927515cc5be445091e6364297120b97679848f3e0b947f326a49900036878"}
[13-Apr-2026 13:30:17 America/Santiago] UPDATE SUCCESS: Table=sheet_vmplataformas_, ID=1, RowsAffected=0, NewData={"id":1,"_row_hash":"36ff42eb2d114e59a0fa27ea9f0514d8","estado_actual":"USADO","created_at":"2026-01-30 12:22:36","updated_at":"2026-04-13 11:42:06","unidad_de_negocio":"UNE","servidor":"VM-FADMETAL-LITO01","ip":"192.168.24.50","usuario":"PAM","contrase_a_actual":"PAM","data":null,"observaciones":"","acceso":"PAM"}
[13-Apr-2026 15:49:13 America/Santiago] PHP Warning:  Undefined array key "result" in Command line code on line 1
[13-Apr-2026 15:49:13 America/Santiago] PHP Warning:  foreach() argument must be of type array|object, null given in Command line code on line 1
[13-Apr-2026 16:04:37 America/Santiago] PHP Warning:  Undefined array key "groups" in /var/www/html/VILASECA/CMDBPRnew/public/api_topology.php on line 29
[13-Apr-2026 16:04:37 America/Santiago] PHP Warning:  foreach() argument must be of type array|object, null given in /var/www/html/VILASECA/CMDBPRnew/public/api_topology.php on line 29
[13-Apr-2026 16:04:37 America/Santiago] PHP Warning:  Undefined array key "groups" in /var/www/html/VILASECA/CMDBPRnew/public/api_topology.php on line 29
[13-Apr-2026 16:04:37 America/Santiago] PHP Warning:  foreach() argument must be of type array|object, null given in /var/www/html/VILASECA/CMDBPRnew/public/api_topology.php on line 29
[13-Apr-2026 16:04:37 America/Santiago] PHP Warning:  Undefined array key "groups" in /var/www/html/VILASECA/CMDBPRnew/public/api_topology.php on line 29
[13-Apr-2026 16:04:37 America/Santiago] PHP Warning:  foreach() argument must be of type array|object, null given in /var/www/html/VILASECA/CMDBPRnew/public/api_topology.php on line 29
[13-Apr-2026 16:04:37 America/Santiago] PHP Warning:  Undefined array key "groups" in /var/www/html/VILASECA/CMDBPRnew/public/api_topology.php on line 29
[13-Apr-2026 16:04:37 America/Santiago] PHP Warning:  foreach() argument must be of type array|object, null given in /var/www/html/VILASECA/CMDBPRnew/public/api_topology.php on line 29
[13-Apr-2026 16:04:37 America/Santiago] PHP Warning:  Undefined array key "groups" in /var/www/html/VILASECA/CMDBPRnew/public/api_topology.php on line 29
[13-Apr-2026 16:04:37 America/Santiago] PHP Warning:  foreach() argument must be of type array|object, null given in /var/www/html/VILASECA/CMDBPRnew/public/api_topology.php on line 29
[13-Apr-2026 16:04:37 America/Santiago] PHP Warning:  Undefined array key "groups" in /var/www/html/VILASECA/CMDBPRnew/public/api_topology.php on line 29
[13-Apr-2026 16:04:37 America/Santiago] PHP Warning:  foreach() argument must be of type array|object, null given in /var/www/html/VILASECA/CMDBPRnew/public/api_topology.php on line 29
[13-Apr-2026 16:04:37 America/Santiago] PHP Warning:  Undefined array key "groups" in /var/www/html/VILASECA/CMDBPRnew/public/api_topology.php on line 29
[13-Apr-2026 16:04:37 America/Santiago] PHP Warning:  foreach() argument must be of type array|object, null given in /var/www/html/VILASECA/CMDBPRnew/public/api_topology.php on line 29
[13-Apr-2026 16:04:37 America/Santiago] PHP Warning:  Undefined array key "groups" in /var/www/html/VILASECA/CMDBPRnew/public/api_topology.php on line 29
[13-Apr-2026 16:04:37 America/Santiago] PHP Warning:  foreach() argument must be of type array|object, null given in /var/www/html/VILASECA/CMDBPRnew/public/api_topology.php on line 29
[13-Apr-2026 16:04:37 America/Santiago] PHP Warning:  Undefined array key "groups" in /var/www/html/VILASECA/CMDBPRnew/public/api_topology.php on line 29
[13-Apr-2026 16:04:37 America/Santiago] PHP Warning:  foreach() argument must be of type array|object, null given in /var/www/html/VILASECA/CMDBPRnew/public/api_topology.php on line 29
[13-Apr-2026 16:04:37 America/Santiago] PHP Warning:  Undefined array key "groups" in /var/www/html/VILASECA/CMDBPRnew/public/api_topology.php on line 29
[13-Apr-2026 16:04:37 America/Santiago] PHP Warning:  foreach() argument must be of type array|object, null given in /var/www/html/VILASECA/CMDBPRnew/public/api_topology.php on line 29
[13-Apr-2026 16:04:37 America/Santiago] PHP Warning:  Undefined array key "groups" in /var/www/html/VILASECA/CMDBPRnew/public/api_topology.php on line 29
[13-Apr-2026 16:04:37 America/Santiago] PHP Warning:  foreach() argument must be of type array|object, null given in /var/www/html/VILASECA/CMDBPRnew/public/api_topology.php on line 29
[13-Apr-2026 16:04:37 America/Santiago] PHP Warning:  Undefined array key "groups" in /var/www/html/VILASECA/CMDBPRnew/public/api_topology.php on line 29
[13-Apr-2026 16:04:37 America/Santiago] PHP Warning:  foreach() argument must be of type array|object, null given in /var/www/html/VILASECA/CMDBPRnew/public/api_topology.php on line 29
[13-Apr-2026 16:04:37 America/Santiago] PHP Warning:  Undefined array key "groups" in /var/www/html/VILASECA/CMDBPRnew/public/api_topology.php on line 29
[13-Apr-2026 16:04:37 America/Santiago] PHP Warning:  foreach() argument must be of type array|object, null given in /var/www/html/VILASECA/CMDBPRnew/public/api_topology.php on line 29
[13-Apr-2026 16:04:37 America/Santiago] PHP Warning:  Undefined array key "groups" in /var/www/html/VILASECA/CMDBPRnew/public/api_topology.php on line 29
[13-Apr-2026 16:04:37 America/Santiago] PHP Warning:  foreach() argument must be of type array|object, null given in /var/www/html/VILASECA/CMDBPRnew/public/api_topology.php on line 29
[13-Apr-2026 16:04:37 America/Santiago] PHP Warning:  Undefined array key "groups" in /var/www/html/VILASECA/CMDBPRnew/public/api_topology.php on line 29
[13-Apr-2026 16:04:37 America/Santiago] PHP Warning:  foreach() argument must be of type array|object, null given in /var/www/html/VILASECA/CMDBPRnew/public/api_topology.php on line 29
[13-Apr-2026 16:04:37 America/Santiago] PHP Warning:  Undefined array key "groups" in /var/www/html/VILASECA/CMDBPRnew/public/api_topology.php on line 29
[13-Apr-2026 16:04:37 America/Santiago] PHP Warning:  foreach() argument must be of type array|object, null given in /var/www/html/VILASECA/CMDBPRnew/public/api_topology.php on line 29
[13-Apr-2026 16:04:37 America/Santiago] PHP Warning:  Undefined array key "groups" in /var/www/html/VILASECA/CMDBPRnew/public/api_topology.php on line 29
[13-Apr-2026 16:04:37 America/Santiago] PHP Warning:  foreach() argument must be of type array|object, null given in /var/www/html/VILASECA/CMDBPRnew/public/api_topology.php on line 29
[13-Apr-2026 16:04:37 America/Santiago] PHP Warning:  Undefined array key "groups" in /var/www/html/VILASECA/CMDBPRnew/public/api_topology.php on line 29
[13-Apr-2026 16:04:37 America/Santiago] PHP Warning:  foreach() argument must be of type array|object, null given in /var/www/html/VILASECA/CMDBPRnew/public/api_topology.php on line 29
[13-Apr-2026 16:04:37 America/Santiago] PHP Warning:  Undefined array key "groups" in /var/www/html/VILASECA/CMDBPRnew/public/api_topology.php on line 29
[13-Apr-2026 16:04:37 America/Santiago] PHP Warning:  foreach() argument must be of type array|object, null given in /var/www/html/VILASECA/CMDBPRnew/public/api_topology.php on line 29
[13-Apr-2026 16:04:37 America/Santiago] PHP Warning:  Undefined array key "groups" in /var/www/html/VILASECA/CMDBPRnew/public/api_topology.php on line 29
[13-Apr-2026 16:04:37 America/Santiago] PHP Warning:  foreach() argument must be of type array|object, null given in /var/www/html/VILASECA/CMDBPRnew/public/api_topology.php on line 29
[13-Apr-2026 16:04:37 America/Santiago] PHP Warning:  Undefined array key "groups" in /var/www/html/VILASECA/CMDBPRnew/public/api_topology.php on line 29
[13-Apr-2026 16:04:37 America/Santiago] PHP Warning:  foreach() argument must be of type array|object, null given in /var/www/html/VILASECA/CMDBPRnew/public/api_topology.php on line 29
[13-Apr-2026 16:04:37 America/Santiago] PHP Warning:  Undefined array key "groups" in /var/www/html/VILASECA/CMDBPRnew/public/api_topology.php on line 29
[13-Apr-2026 16:04:37 America/Santiago] PHP Warning:  foreach() argument must be of type array|object, null given in /var/www/html/VILASECA/CMDBPRnew/public/api_topology.php on line 29
[13-Apr-2026 16:04:37 America/Santiago] PHP Warning:  Undefined array key "groups" in /var/www/html/VILASECA/CMDBPRnew/public/api_topology.php on line 29
[13-Apr-2026 16:04:37 America/Santiago] PHP Warning:  foreach() argument must be of type array|object, null given in /var/www/html/VILASECA/CMDBPRnew/public/api_topology.php on line 29
[13-Apr-2026 16:04:37 America/Santiago] PHP Warning:  Undefined array key "groups" in /var/www/html/VILASECA/CMDBPRnew/public/api_topology.php on line 29
[13-Apr-2026 16:04:37 America/Santiago] PHP Warning:  foreach() argument must be of type array|object, null given in /var/www/html/VILASECA/CMDBPRnew/public/api_topology.php on line 29
[13-Apr-2026 16:04:37 America/Santiago] PHP Warning:  Undefined array key "groups" in /var/www/html/VILASECA/CMDBPRnew/public/api_topology.php on line 29
[13-Apr-2026 16:04:37 America/Santiago] PHP Warning:  foreach() argument must be of type array|object, null given in /var/www/html/VILASECA/CMDBPRnew/public/api_topology.php on line 29
[13-Apr-2026 16:04:37 America/Santiago] PHP Warning:  Undefined array key "groups" in /var/www/html/VILASECA/CMDBPRnew/public/api_topology.php on line 29
[13-Apr-2026 16:04:37 America/Santiago] PHP Warning:  foreach() argument must be of type array|object, null given in /var/www/html/VILASECA/CMDBPRnew/public/api_topology.php on line 29
[13-Apr-2026 16:04:37 America/Santiago] PHP Warning:  Undefined array key "groups" in /var/www/html/VILASECA/CMDBPRnew/public/api_topology.php on line 29
[13-Apr-2026 16:04:37 America/Santiago] PHP Warning:  foreach() argument must be of type array|object, null given in /var/www/html/VILASECA/CMDBPRnew/public/api_topology.php on line 29
[13-Apr-2026 16:04:37 America/Santiago] PHP Warning:  Undefined array key "groups" in /var/www/html/VILASECA/CMDBPRnew/public/api_topology.php on line 29
[13-Apr-2026 16:04:37 America/Santiago] PHP Warning:  foreach() argument must be of type array|object, null given in /var/www/html/VILASECA/CMDBPRnew/public/api_topology.php on line 29
[13-Apr-2026 16:04:37 America/Santiago] PHP Warning:  Undefined array key "groups" in /var/www/html/VILASECA/CMDBPRnew/public/api_topology.php on line 29
[13-Apr-2026 16:04:37 America/Santiago] PHP Warning:  foreach() argument must be of type array|object, null given in /var/www/html/VILASECA/CMDBPRnew/public/api_topology.php on line 29
[13-Apr-2026 16:04:37 America/Santiago] PHP Warning:  Undefined array key "groups" in /var/www/html/VILASECA/CMDBPRnew/public/api_topology.php on line 29
[13-Apr-2026 16:04:37 America/Santiago] PHP Warning:  foreach() argument must be of type array|object, null given in /var/www/html/VILASECA/CMDBPRnew/public/api_topology.php on line 29
[13-Apr-2026 16:04:37 America/Santiago] PHP Warning:  Undefined array key "groups" in /var/www/html/VILASECA/CMDBPRnew/public/api_topology.php on line 29
[13-Apr-2026 16:04:37 America/Santiago] PHP Warning:  foreach() argument must be of type array|object, null given in /var/www/html/VILASECA/CMDBPRnew/public/api_topology.php on line 29
[13-Apr-2026 16:04:37 America/Santiago] PHP Warning:  Undefined array key "groups" in /var/www/html/VILASECA/CMDBPRnew/public/api_topology.php on line 29
[13-Apr-2026 16:04:37 America/Santiago] PHP Warning:  foreach() argument must be of type array|object, null given in /var/www/html/VILASECA/CMDBPRnew/public/api_topology.php on line 29
[13-Apr-2026 16:04:37 America/Santiago] PHP Warning:  Undefined array key "groups" in /var/www/html/VILASECA/CMDBPRnew/public/api_topology.php on line 29
[13-Apr-2026 16:04:37 America/Santiago] PHP Warning:  foreach() argument must be of type array|object, null given in /var/www/html/VILASECA/CMDBPRnew/public/api_topology.php on line 29
[13-Apr-2026 16:04:37 America/Santiago] PHP Warning:  Undefined array key "groups" in /var/www/html/VILASECA/CMDBPRnew/public/api_topology.php on line 29
[13-Apr-2026 16:04:37 America/Santiago] PHP Warning:  foreach() argument must be of type array|object, null given in /var/www/html/VILASECA/CMDBPRnew/public/api_topology.php on line 29
[13-Apr-2026 16:04:37 America/Santiago] PHP Warning:  Undefined array key "groups" in /var/www/html/VILASECA/CMDBPRnew/public/api_topology.php on line 29
[13-Apr-2026 16:04:37 America/Santiago] PHP Warning:  foreach() argument must be of type array|object, null given in /var/www/html/VILASECA/CMDBPRnew/public/api_topology.php on line 29
[13-Apr-2026 16:04:37 America/Santiago] PHP Warning:  Undefined array key "groups" in /var/www/html/VILASECA/CMDBPRnew/public/api_topology.php on line 29
[13-Apr-2026 16:04:37 America/Santiago] PHP Warning:  foreach() argument must be of type array|object, null given in /var/www/html/VILASECA/CMDBPRnew/public/api_topology.php on line 29
[13-Apr-2026 16:04:37 America/Santiago] PHP Warning:  Undefined array key "groups" in /var/www/html/VILASECA/CMDBPRnew/public/api_topology.php on line 29
[13-Apr-2026 16:04:37 America/Santiago] PHP Warning:  foreach() argument must be of type array|object, null given in /var/www/html/VILASECA/CMDBPRnew/public/api_topology.php on line 29
[13-Apr-2026 16:04:37 America/Santiago] PHP Warning:  Undefined array key "groups" in /var/www/html/VILASECA/CMDBPRnew/public/api_topology.php on line 29
[13-Apr-2026 16:04:37 America/Santiago] PHP Warning:  foreach() argument must be of type array|object, null given in /var/www/html/VILASECA/CMDBPRnew/public/api_topology.php on line 29
[13-Apr-2026 16:04:37 America/Santiago] PHP Warning:  Undefined array key "groups" in /var/www/html/VILASECA/CMDBPRnew/public/api_topology.php on line 29
[13-Apr-2026 16:04:37 America/Santiago] PHP Warning:  foreach() argument must be of type array|object, null given in /var/www/html/VILASECA/CMDBPRnew/public/api_topology.php on line 29
[13-Apr-2026 16:04:37 America/Santiago] PHP Warning:  Undefined array key "groups" in /var/www/html/VILASECA/CMDBPRnew/public/api_topology.php on line 29
[13-Apr-2026 16:04:37 America/Santiago] PHP Warning:  foreach() argument must be of type array|object, null given in /var/www/html/VILASECA/CMDBPRnew/public/api_topology.php on line 29
[13-Apr-2026 16:04:37 America/Santiago] PHP Warning:  Undefined array key "groups" in /var/www/html/VILASECA/CMDBPRnew/public/api_topology.php on line 29
[13-Apr-2026 16:04:37 America/Santiago] PHP Warning:  foreach() argument must be of type array|object, null given in /var/www/html/VILASECA/CMDBPRnew/public/api_topology.php on line 29
[13-Apr-2026 16:04:37 America/Santiago] PHP Warning:  Undefined array key "groups" in /var/www/html/VILASECA/CMDBPRnew/public/api_topology.php on line 29
[13-Apr-2026 16:04:37 America/Santiago] PHP Warning:  foreach() argument must be of type array|object, null given in /var/www/html/VILASECA/CMDBPRnew/public/api_topology.php on line 29
[13-Apr-2026 16:04:37 America/Santiago] PHP Warning:  Undefined array key "groups" in /var/www/html/VILASECA/CMDBPRnew/public/api_topology.php on line 29
[13-Apr-2026 16:04:37 America/Santiago] PHP Warning:  foreach() argument must be of type array|object, null given in /var/www/html/VILASECA/CMDBPRnew/public/api_topology.php on line 29
[13-Apr-2026 16:04:37 America/Santiago] PHP Warning:  Undefined array key "groups" in /var/www/html/VILASECA/CMDBPRnew/public/api_topology.php on line 29
[13-Apr-2026 16:04:37 America/Santiago] PHP Warning:  foreach() argument must be of type array|object, null given in /var/www/html/VILASECA/CMDBPRnew/public/api_topology.php on line 29
[13-Apr-2026 16:04:37 America/Santiago] PHP Warning:  Undefined array key "groups" in /var/www/html/VILASECA/CMDBPRnew/public/api_topology.php on line 29
[13-Apr-2026 16:04:37 America/Santiago] PHP Warning:  foreach() argument must be of type array|object, null given in /var/www/html/VILASECA/CMDBPRnew/public/api_topology.php on line 29
[13-Apr-2026 16:04:37 America/Santiago] PHP Warning:  Undefined array key "groups" in /var/www/html/VILASECA/CMDBPRnew/public/api_topology.php on line 29
[13-Apr-2026 16:04:37 America/Santiago] PHP Warning:  foreach() argument must be of type array|object, null given in /var/www/html/VILASECA/CMDBPRnew/public/api_topology.php on line 29
[13-Apr-2026 16:04:37 America/Santiago] PHP Warning:  Undefined array key "groups" in /var/www/html/VILASECA/CMDBPRnew/public/api_topology.php on line 29
[13-Apr-2026 16:04:37 America/Santiago] PHP Warning:  foreach() argument must be of type array|object, null given in /var/www/html/VILASECA/CMDBPRnew/public/api_topology.php on line 29
[13-Apr-2026 16:04:37 America/Santiago] PHP Warning:  Undefined array key "groups" in /var/www/html/VILASECA/CMDBPRnew/public/api_topology.php on line 29
[13-Apr-2026 16:04:37 America/Santiago] PHP Warning:  foreach() argument must be of type array|object, null given in /var/www/html/VILASECA/CMDBPRnew/public/api_topology.php on line 29
[13-Apr-2026 16:04:37 America/Santiago] PHP Warning:  Undefined array key "groups" in /var/www/html/VILASECA/CMDBPRnew/public/api_topology.php on line 29
[13-Apr-2026 16:04:37 America/Santiago] PHP Warning:  foreach() argument must be of type array|object, null given in /var/www/html/VILASECA/CMDBPRnew/public/api_topology.php on line 29
[13-Apr-2026 16:04:37 America/Santiago] PHP Warning:  Undefined array key "groups" in /var/www/html/VILASECA/CMDBPRnew/public/api_topology.php on line 29
[13-Apr-2026 16:04:37 America/Santiago] PHP Warning:  foreach() argument must be of type array|object, null given in /var/www/html/VILASECA/CMDBPRnew/public/api_topology.php on line 29
[13-Apr-2026 16:04:37 America/Santiago] PHP Warning:  Undefined array key "groups" in /var/www/html/VILASECA/CMDBPRnew/public/api_topology.php on line 29
[13-Apr-2026 16:04:37 America/Santiago] PHP Warning:  foreach() argument must be of type array|object, null given in /var/www/html/VILASECA/CMDBPRnew/public/api_topology.php on line 29
[13-Apr-2026 16:04:37 America/Santiago] PHP Warning:  Undefined array key "groups" in /var/www/html/VILASECA/CMDBPRnew/public/api_topology.php on line 29
[13-Apr-2026 16:04:37 America/Santiago] PHP Warning:  foreach() argument must be of type array|object, null given in /var/www/html/VILASECA/CMDBPRnew/public/api_topology.php on line 29
[13-Apr-2026 16:04:37 America/Santiago] PHP Warning:  Undefined array key "groups" in /var/www/html/VILASECA/CMDBPRnew/public/api_topology.php on line 29
[13-Apr-2026 16:04:37 America/Santiago] PHP Warning:  foreach() argument must be of type array|object, null given in /var/www/html/VILASECA/CMDBPRnew/public/api_topology.php on line 29
[13-Apr-2026 16:04:37 America/Santiago] PHP Warning:  Undefined array key "groups" in /var/www/html/VILASECA/CMDBPRnew/public/api_topology.php on line 29
[13-Apr-2026 16:04:37 America/Santiago] PHP Warning:  foreach() argument must be of type array|object, null given in /var/www/html/VILASECA/CMDBPRnew/public/api_topology.php on line 29
[13-Apr-2026 16:04:37 America/Santiago] PHP Warning:  Undefined array key "groups" in /var/www/html/VILASECA/CMDBPRnew/public/api_topology.php on line 29
[13-Apr-2026 16:04:37 America/Santiago] PHP Warning:  foreach() argument must be of type array|object, null given in /var/www/html/VILASECA/CMDBPRnew/public/api_topology.php on line 29
[13-Apr-2026 16:04:37 America/Santiago] PHP Warning:  Undefined array key "groups" in /var/www/html/VILASECA/CMDBPRnew/public/api_topology.php on line 29
[13-Apr-2026 16:04:37 America/Santiago] PHP Warning:  foreach() argument must be of type array|object, null given in /var/www/html/VILASECA/CMDBPRnew/public/api_topology.php on line 29
[13-Apr-2026 16:04:37 America/Santiago] PHP Warning:  Undefined array key "groups" in /var/www/html/VILASECA/CMDBPRnew/public/api_topology.php on line 29
[13-Apr-2026 16:04:37 America/Santiago] PHP Warning:  foreach() argument must be of type array|object, null given in /var/www/html/VILASECA/CMDBPRnew/public/api_topology.php on line 29
[13-Apr-2026 16:04:37 America/Santiago] PHP Warning:  Undefined array key "groups" in /var/www/html/VILASECA/CMDBPRnew/public/api_topology.php on line 29
[13-Apr-2026 16:04:37 America/Santiago] PHP Warning:  foreach() argument must be of type array|object, null given in /var/www/html/VILASECA/CMDBPRnew/public/api_topology.php on line 29
[13-Apr-2026 16:04:37 America/Santiago] PHP Warning:  Undefined array key "groups" in /var/www/html/VILASECA/CMDBPRnew/public/api_topology.php on line 29
[13-Apr-2026 16:04:37 America/Santiago] PHP Warning:  foreach() argument must be of type array|object, null given in /var/www/html/VILASECA/CMDBPRnew/public/api_topology.php on line 29
[13-Apr-2026 16:04:37 America/Santiago] PHP Warning:  Undefined array key "groups" in /var/www/html/VILASECA/CMDBPRnew/public/api_topology.php on line 29
[13-Apr-2026 16:04:37 America/Santiago] PHP Warning:  foreach() argument must be of type array|object, null given in /var/www/html/VILASECA/CMDBPRnew/public/api_topology.php on line 29
[13-Apr-2026 16:04:37 America/Santiago] PHP Warning:  Undefined array key "groups" in /var/www/html/VILASECA/CMDBPRnew/public/api_topology.php on line 29
[13-Apr-2026 16:04:37 America/Santiago] PHP Warning:  foreach() argument must be of type array|object, null given in /var/www/html/VILASECA/CMDBPRnew/public/api_topology.php on line 29
[13-Apr-2026 16:04:37 America/Santiago] PHP Warning:  Undefined array key "groups" in /var/www/html/VILASECA/CMDBPRnew/public/api_topology.php on line 29
[13-Apr-2026 16:04:37 America/Santiago] PHP Warning:  foreach() argument must be of type array|object, null given in /var/www/html/VILASECA/CMDBPRnew/public/api_topology.php on line 29
[13-Apr-2026 16:04:37 America/Santiago] PHP Warning:  Undefined array key "groups" in /var/www/html/VILASECA/CMDBPRnew/public/api_topology.php on line 29
[13-Apr-2026 16:04:37 America/Santiago] PHP Warning:  foreach() argument must be of type array|object, null given in /var/www/html/VILASECA/CMDBPRnew/public/api_topology.php on line 29
[13-Apr-2026 16:04:37 America/Santiago] PHP Warning:  Undefined array key "groups" in /var/www/html/VILASECA/CMDBPRnew/public/api_topology.php on line 29
[13-Apr-2026 16:04:37 America/Santiago] PHP Warning:  foreach() argument must be of type array|object, null given in /var/www/html/VILASECA/CMDBPRnew/public/api_topology.php on line 29
[13-Apr-2026 16:04:37 America/Santiago] PHP Warning:  Undefined array key "groups" in /var/www/html/VILASECA/CMDBPRnew/public/api_topology.php on line 29
[13-Apr-2026 16:04:37 America/Santiago] PHP Warning:  foreach() argument must be of type array|object, null given in /var/www/html/VILASECA/CMDBPRnew/public/api_topology.php on line 29
[13-Apr-2026 16:04:37 America/Santiago] PHP Warning:  Undefined array key "groups" in /var/www/html/VILASECA/CMDBPRnew/public/api_topology.php on line 29
[13-Apr-2026 16:04:37 America/Santiago] PHP Warning:  foreach() argument must be of type array|object, null given in /var/www/html/VILASECA/CMDBPRnew/public/api_topology.php on line 29
[13-Apr-2026 16:04:37 America/Santiago] PHP Warning:  Undefined array key "groups" in /var/www/html/VILASECA/CMDBPRnew/public/api_topology.php on line 29
[13-Apr-2026 16:04:37 America/Santiago] PHP Warning:  foreach() argument must be of type array|object, null given in /var/www/html/VILASECA/CMDBPRnew/public/api_topology.php on line 29
[13-Apr-2026 16:04:37 America/Santiago] PHP Warning:  Undefined array key "groups" in /var/www/html/VILASECA/CMDBPRnew/public/api_topology.php on line 29
[13-Apr-2026 16:04:37 America/Santiago] PHP Warning:  foreach() argument must be of type array|object, null given in /var/www/html/VILASECA/CMDBPRnew/public/api_topology.php on line 29
[13-Apr-2026 16:04:37 America/Santiago] PHP Warning:  Undefined array key "groups" in /var/www/html/VILASECA/CMDBPRnew/public/api_topology.php on line 29
[13-Apr-2026 16:04:37 America/Santiago] PHP Warning:  foreach() argument must be of type array|object, null given in /var/www/html/VILASECA/CMDBPRnew/public/api_topology.php on line 29
[13-Apr-2026 16:04:37 America/Santiago] PHP Warning:  Undefined array key "groups" in /var/www/html/VILASECA/CMDBPRnew/public/api_topology.php on line 29
[13-Apr-2026 16:04:37 America/Santiago] PHP Warning:  foreach() argument must be of type array|object, null given in /var/www/html/VILASECA/CMDBPRnew/public/api_topology.php on line 29
[13-Apr-2026 16:04:37 America/Santiago] PHP Warning:  Undefined array key "groups" in /var/www/html/VILASECA/CMDBPRnew/public/api_topology.php on line 29
[13-Apr-2026 16:04:37 America/Santiago] PHP Warning:  foreach() argument must be of type array|object, null given in /var/www/html/VILASECA/CMDBPRnew/public/api_topology.php on line 29
[13-Apr-2026 16:04:37 America/Santiago] PHP Warning:  Undefined array key "groups" in /var/www/html/VILASECA/CMDBPRnew/public/api_topology.php on line 29
[13-Apr-2026 16:04:37 America/Santiago] PHP Warning:  foreach() argument must be of type array|object, null given in /var/www/html/VILASECA/CMDBPRnew/public/api_topology.php on line 29
[13-Apr-2026 16:04:37 America/Santiago] PHP Warning:  Undefined array key "groups" in /var/www/html/VILASECA/CMDBPRnew/public/api_topology.php on line 29
[13-Apr-2026 16:04:37 America/Santiago] PHP Warning:  foreach() argument must be of type array|object, null given in /var/www/html/VILASECA/CMDBPRnew/public/api_topology.php on line 29
[13-Apr-2026 16:04:37 America/Santiago] PHP Warning:  Undefined array key "groups" in /var/www/html/VILASECA/CMDBPRnew/public/api_topology.php on line 29
[13-Apr-2026 16:04:37 America/Santiago] PHP Warning:  foreach() argument must be of type array|object, null given in /var/www/html/VILASECA/CMDBPRnew/public/api_topology.php on line 29
[13-Apr-2026 16:04:37 America/Santiago] PHP Warning:  Undefined array key "groups" in /var/www/html/VILASECA/CMDBPRnew/public/api_topology.php on line 29
[13-Apr-2026 16:04:37 America/Santiago] PHP Warning:  foreach() argument must be of type array|object, null given in /var/www/html/VILASECA/CMDBPRnew/public/api_topology.php on line 29
[13-Apr-2026 16:04:37 America/Santiago] PHP Warning:  Undefined array key "groups" in /var/www/html/VILASECA/CMDBPRnew/public/api_topology.php on line 29
[13-Apr-2026 16:04:37 America/Santiago] PHP Warning:  foreach() argument must be of type array|object, null given in /var/www/html/VILASECA/CMDBPRnew/public/api_topology.php on line 29
[13-Apr-2026 16:04:37 America/Santiago] PHP Warning:  Undefined array key "groups" in /var/www/html/VILASECA/CMDBPRnew/public/api_topology.php on line 29
[13-Apr-2026 16:04:37 America/Santiago] PHP Warning:  foreach() argument must be of type array|object, null given in /var/www/html/VILASECA/CMDBPRnew/public/api_topology.php on line 29
[13-Apr-2026 16:04:37 America/Santiago] PHP Warning:  Undefined array key "groups" in /var/www/html/VILASECA/CMDBPRnew/public/api_topology.php on line 29
[13-Apr-2026 16:04:37 America/Santiago] PHP Warning:  foreach() argument must be of type array|object, null given in /var/www/html/VILASECA/CMDBPRnew/public/api_topology.php on line 29
[13-Apr-2026 16:04:37 America/Santiago] PHP Warning:  Undefined array key "groups" in /var/www/html/VILASECA/CMDBPRnew/public/api_topology.php on line 29
[13-Apr-2026 16:04:37 America/Santiago] PHP Warning:  foreach() argument must be of type array|object, null given in /var/www/html/VILASECA/CMDBPRnew/public/api_topology.php on line 29
[13-Apr-2026 16:04:37 America/Santiago] PHP Warning:  Undefined array key "groups" in /var/www/html/VILASECA/CMDBPRnew/public/api_topology.php on line 29
[13-Apr-2026 16:04:37 America/Santiago] PHP Warning:  foreach() argument must be of type array|object, null given in /var/www/html/VILASECA/CMDBPRnew/public/api_topology.php on line 29
[13-Apr-2026 16:04:37 America/Santiago] PHP Warning:  Undefined array key "groups" in /var/www/html/VILASECA/CMDBPRnew/public/api_topology.php on line 29
[13-Apr-2026 16:04:37 America/Santiago] PHP Warning:  foreach() argument must be of type array|object, null given in /var/www/html/VILASECA/CMDBPRnew/public/api_topology.php on line 29
[13-Apr-2026 16:04:37 America/Santiago] PHP Warning:  Undefined array key "groups" in /var/www/html/VILASECA/CMDBPRnew/public/api_topology.php on line 29
[13-Apr-2026 16:04:37 America/Santiago] PHP Warning:  foreach() argument must be of type array|object, null given in /var/www/html/VILASECA/CMDBPRnew/public/api_topology.php on line 29
[13-Apr-2026 16:04:37 America/Santiago] PHP Warning:  Undefined array key "groups" in /var/www/html/VILASECA/CMDBPRnew/public/api_topology.php on line 29
[13-Apr-2026 16:04:37 America/Santiago] PHP Warning:  foreach() argument must be of type array|object, null given in /var/www/html/VILASECA/CMDBPRnew/public/api_topology.php on line 29
[13-Apr-2026 16:04:37 America/Santiago] PHP Warning:  Undefined array key "groups" in /var/www/html/VILASECA/CMDBPRnew/public/api_topology.php on line 29
[13-Apr-2026 16:04:37 America/Santiago] PHP Warning:  foreach() argument must be of type array|object, null given in /var/www/html/VILASECA/CMDBPRnew/public/api_topology.php on line 29
[13-Apr-2026 16:04:37 America/Santiago] PHP Warning:  Undefined array key "groups" in /var/www/html/VILASECA/CMDBPRnew/public/api_topology.php on line 29
[13-Apr-2026 16:04:37 America/Santiago] PHP Warning:  foreach() argument must be of type array|object, null given in /var/www/html/VILASECA/CMDBPRnew/public/api_topology.php on line 29
[13-Apr-2026 16:04:37 America/Santiago] PHP Warning:  Undefined array key "groups" in /var/www/html/VILASECA/CMDBPRnew/public/api_topology.php on line 29
[13-Apr-2026 16:04:37 America/Santiago] PHP Warning:  foreach() argument must be of type array|object, null given in /var/www/html/VILASECA/CMDBPRnew/public/api_topology.php on line 29
[13-Apr-2026 16:04:37 America/Santiago] PHP Warning:  Undefined array key "groups" in /var/www/html/VILASECA/CMDBPRnew/public/api_topology.php on line 29
[13-Apr-2026 16:04:37 America/Santiago] PHP Warning:  foreach() argument must be of type array|object, null given in /var/www/html/VILASECA/CMDBPRnew/public/api_topology.php on line 29
[13-Apr-2026 16:04:37 America/Santiago] PHP Warning:  Undefined array key "groups" in /var/www/html/VILASECA/CMDBPRnew/public/api_topology.php on line 29
[13-Apr-2026 16:04:37 America/Santiago] PHP Warning:  foreach() argument must be of type array|object, null given in /var/www/html/VILASECA/CMDBPRnew/public/api_topology.php on line 29
[13-Apr-2026 16:04:37 America/Santiago] PHP Warning:  Undefined array key "groups" in /var/www/html/VILASECA/CMDBPRnew/public/api_topology.php on line 29
[13-Apr-2026 16:04:37 America/Santiago] PHP Warning:  foreach() argument must be of type array|object, null given in /var/www/html/VILASECA/CMDBPRnew/public/api_topology.php on line 29
[13-Apr-2026 16:04:37 America/Santiago] PHP Warning:  Undefined array key "groups" in /var/www/html/VILASECA/CMDBPRnew/public/api_topology.php on line 29
[13-Apr-2026 16:04:37 America/Santiago] PHP Warning:  foreach() argument must be of type array|object, null given in /var/www/html/VILASECA/CMDBPRnew/public/api_topology.php on line 29
[13-Apr-2026 16:04:37 America/Santiago] PHP Warning:  Undefined array key "groups" in /var/www/html/VILASECA/CMDBPRnew/public/api_topology.php on line 29
[13-Apr-2026 16:04:37 America/Santiago] PHP Warning:  foreach() argument must be of type array|object, null given in /var/www/html/VILASECA/CMDBPRnew/public/api_topology.php on line 29
[13-Apr-2026 16:04:37 America/Santiago] PHP Warning:  Undefined array key "groups" in /var/www/html/VILASECA/CMDBPRnew/public/api_topology.php on line 29
[13-Apr-2026 16:04:37 America/Santiago] PHP Warning:  foreach() argument must be of type array|object, null given in /var/www/html/VILASECA/CMDBPRnew/public/api_topology.php on line 29
[13-Apr-2026 16:04:37 America/Santiago] PHP Warning:  Undefined array key "groups" in /var/www/html/VILASECA/CMDBPRnew/public/api_topology.php on line 29
[13-Apr-2026 16:04:37 America/Santiago] PHP Warning:  foreach() argument must be of type array|object, null given in /var/www/html/VILASECA/CMDBPRnew/public/api_topology.php on line 29
[13-Apr-2026 16:04:37 America/Santiago] PHP Warning:  Undefined array key "groups" in /var/www/html/VILASECA/CMDBPRnew/public/api_topology.php on line 29
[13-Apr-2026 16:04:37 America/Santiago] PHP Warning:  foreach() argument must be of type array|object, null given in /var/www/html/VILASECA/CMDBPRnew/public/api_topology.php on line 29
[13-Apr-2026 16:04:37 America/Santiago] PHP Warning:  Undefined array key "groups" in /var/www/html/VILASECA/CMDBPRnew/public/api_topology.php on line 29
[13-Apr-2026 16:04:37 America/Santiago] PHP Warning:  foreach() argument must be of type array|object, null given in /var/www/html/VILASECA/CMDBPRnew/public/api_topology.php on line 29
[13-Apr-2026 16:04:37 America/Santiago] PHP Warning:  Undefined array key "groups" in /var/www/html/VILASECA/CMDBPRnew/public/api_topology.php on line 29
[13-Apr-2026 16:04:37 America/Santiago] PHP Warning:  foreach() argument must be of type array|object, null given in /var/www/html/VILASECA/CMDBPRnew/public/api_topology.php on line 29
[13-Apr-2026 16:04:37 America/Santiago] PHP Warning:  Undefined array key "groups" in /var/www/html/VILASECA/CMDBPRnew/public/api_topology.php on line 29
[13-Apr-2026 16:04:37 America/Santiago] PHP Warning:  foreach() argument must be of type array|object, null given in /var/www/html/VILASECA/CMDBPRnew/public/api_topology.php on line 29
[13-Apr-2026 16:04:37 America/Santiago] PHP Warning:  Undefined array key "groups" in /var/www/html/VILASECA/CMDBPRnew/public/api_topology.php on line 29
[13-Apr-2026 16:04:37 America/Santiago] PHP Warning:  foreach() argument must be of type array|object, null given in /var/www/html/VILASECA/CMDBPRnew/public/api_topology.php on line 29
[13-Apr-2026 16:04:37 America/Santiago] PHP Warning:  Undefined array key "groups" in /var/www/html/VILASECA/CMDBPRnew/public/api_topology.php on line 29
[13-Apr-2026 16:04:37 America/Santiago] PHP Warning:  foreach() argument must be of type array|object, null given in /var/www/html/VILASECA/CMDBPRnew/public/api_topology.php on line 29
[13-Apr-2026 16:04:37 America/Santiago] PHP Warning:  Undefined array key "groups" in /var/www/html/VILASECA/CMDBPRnew/public/api_topology.php on line 29
[13-Apr-2026 16:04:37 America/Santiago] PHP Warning:  foreach() argument must be of type array|object, null given in /var/www/html/VILASECA/CMDBPRnew/public/api_topology.php on line 29
[13-Apr-2026 16:04:37 America/Santiago] PHP Warning:  Undefined array key "groups" in /var/www/html/VILASECA/CMDBPRnew/public/api_topology.php on line 29
[13-Apr-2026 16:04:37 America/Santiago] PHP Warning:  foreach() argument must be of type array|object, null given in /var/www/html/VILASECA/CMDBPRnew/public/api_topology.php on line 29
[13-Apr-2026 16:04:37 America/Santiago] PHP Warning:  Undefined array key "groups" in /var/www/html/VILASECA/CMDBPRnew/public/api_topology.php on line 29
[13-Apr-2026 16:04:37 America/Santiago] PHP Warning:  foreach() argument must be of type array|object, null given in /var/www/html/VILASECA/CMDBPRnew/public/api_topology.php on line 29
[13-Apr-2026 16:04:37 America/Santiago] PHP Warning:  Undefined array key "groups" in /var/www/html/VILASECA/CMDBPRnew/public/api_topology.php on line 29
[13-Apr-2026 16:04:37 America/Santiago] PHP Warning:  foreach() argument must be of type array|object, null given in /var/www/html/VILASECA/CMDBPRnew/public/api_topology.php on line 29
[13-Apr-2026 16:04:37 America/Santiago] PHP Warning:  Undefined array key "groups" in /var/www/html/VILASECA/CMDBPRnew/public/api_topology.php on line 29
[13-Apr-2026 16:04:37 America/Santiago] PHP Warning:  foreach() argument must be of type array|object, null given in /var/www/html/VILASECA/CMDBPRnew/public/api_topology.php on line 29
[13-Apr-2026 16:04:37 America/Santiago] PHP Warning:  Undefined array key "groups" in /var/www/html/VILASECA/CMDBPRnew/public/api_topology.php on line 29
[13-Apr-2026 16:04:37 America/Santiago] PHP Warning:  foreach() argument must be of type array|object, null given in /var/www/html/VILASECA/CMDBPRnew/public/api_topology.php on line 29
[13-Apr-2026 16:04:37 America/Santiago] PHP Warning:  Undefined array key "groups" in /var/www/html/VILASECA/CMDBPRnew/public/api_topology.php on line 29
[13-Apr-2026 16:04:37 America/Santiago] PHP Warning:  foreach() argument must be of type array|object, null given in /var/www/html/VILASECA/CMDBPRnew/public/api_topology.php on line 29
[13-Apr-2026 16:04:37 America/Santiago] PHP Warning:  Undefined array key "groups" in /var/www/html/VILASECA/CMDBPRnew/public/api_topology.php on line 29
[13-Apr-2026 16:04:37 America/Santiago] PHP Warning:  foreach() argument must be of type array|object, null given in /var/www/html/VILASECA/CMDBPRnew/public/api_topology.php on line 29
[13-Apr-2026 16:04:37 America/Santiago] PHP Warning:  Undefined array key "groups" in /var/www/html/VILASECA/CMDBPRnew/public/api_topology.php on line 29
[13-Apr-2026 16:04:37 America/Santiago] PHP Warning:  foreach() argument must be of type array|object, null given in /var/www/html/VILASECA/CMDBPRnew/public/api_topology.php on line 29
[13-Apr-2026 16:04:37 America/Santiago] PHP Warning:  Undefined array key "groups" in /var/www/html/VILASECA/CMDBPRnew/public/api_topology.php on line 29
[13-Apr-2026 16:04:37 America/Santiago] PHP Warning:  foreach() argument must be of type array|object, null given in /var/www/html/VILASECA/CMDBPRnew/public/api_topology.php on line 29
[13-Apr-2026 16:04:37 America/Santiago] PHP Warning:  Undefined array key "groups" in /var/www/html/VILASECA/CMDBPRnew/public/api_topology.php on line 29
[13-Apr-2026 16:04:37 America/Santiago] PHP Warning:  foreach() argument must be of type array|object, null given in /var/www/html/VILASECA/CMDBPRnew/public/api_topology.php on line 29
[13-Apr-2026 16:04:37 America/Santiago] PHP Warning:  Undefined array key "groups" in /var/www/html/VILASECA/CMDBPRnew/public/api_topology.php on line 29
[13-Apr-2026 16:04:37 America/Santiago] PHP Warning:  foreach() argument must be of type array|object, null given in /var/www/html/VILASECA/CMDBPRnew/public/api_topology.php on line 29
[13-Apr-2026 16:04:37 America/Santiago] PHP Warning:  Undefined array key "groups" in /var/www/html/VILASECA/CMDBPRnew/public/api_topology.php on line 29
[13-Apr-2026 16:04:37 America/Santiago] PHP Warning:  foreach() argument must be of type array|object, null given in /var/www/html/VILASECA/CMDBPRnew/public/api_topology.php on line 29
[13-Apr-2026 16:04:37 America/Santiago] PHP Warning:  Undefined array key "groups" in /var/www/html/VILASECA/CMDBPRnew/public/api_topology.php on line 29
[13-Apr-2026 16:04:37 America/Santiago] PHP Warning:  foreach() argument must be of type array|object, null given in /var/www/html/VILASECA/CMDBPRnew/public/api_topology.php on line 29
[13-Apr-2026 16:04:37 America/Santiago] PHP Warning:  Undefined array key "groups" in /var/www/html/VILASECA/CMDBPRnew/public/api_topology.php on line 29
[13-Apr-2026 16:04:37 America/Santiago] PHP Warning:  foreach() argument must be of type array|object, null given in /var/www/html/VILASECA/CMDBPRnew/public/api_topology.php on line 29
[13-Apr-2026 16:04:37 America/Santiago] PHP Warning:  Undefined array key "groups" in /var/www/html/VILASECA/CMDBPRnew/public/api_topology.php on line 29
[13-Apr-2026 16:04:37 America/Santiago] PHP Warning:  foreach() argument must be of type array|object, null given in /var/www/html/VILASECA/CMDBPRnew/public/api_topology.php on line 29
[13-Apr-2026 16:04:37 America/Santiago] PHP Warning:  Undefined array key "groups" in /var/www/html/VILASECA/CMDBPRnew/public/api_topology.php on line 29
[13-Apr-2026 16:04:37 America/Santiago] PHP Warning:  foreach() argument must be of type array|object, null given in /var/www/html/VILASECA/CMDBPRnew/public/api_topology.php on line 29
[13-Apr-2026 16:04:37 America/Santiago] PHP Warning:  Undefined array key "groups" in /var/www/html/VILASECA/CMDBPRnew/public/api_topology.php on line 29
[13-Apr-2026 16:04:37 America/Santiago] PHP Warning:  foreach() argument must be of type array|object, null given in /var/www/html/VILASECA/CMDBPRnew/public/api_topology.php on line 29
[13-Apr-2026 16:04:37 America/Santiago] PHP Warning:  Undefined array key "groups" in /var/www/html/VILASECA/CMDBPRnew/public/api_topology.php on line 29
[13-Apr-2026 16:04:37 America/Santiago] PHP Warning:  foreach() argument must be of type array|object, null given in /var/www/html/VILASECA/CMDBPRnew/public/api_topology.php on line 29
[13-Apr-2026 16:04:37 America/Santiago] PHP Warning:  Undefined array key "groups" in /var/www/html/VILASECA/CMDBPRnew/public/api_topology.php on line 29
[13-Apr-2026 16:04:37 America/Santiago] PHP Warning:  foreach() argument must be of type array|object, null given in /var/www/html/VILASECA/CMDBPRnew/public/api_topology.php on line 29
[13-Apr-2026 16:04:37 America/Santiago] PHP Warning:  Undefined array key "groups" in /var/www/html/VILASECA/CMDBPRnew/public/api_topology.php on line 29
[13-Apr-2026 16:04:37 America/Santiago] PHP Warning:  foreach() argument must be of type array|object, null given in /var/www/html/VILASECA/CMDBPRnew/public/api_topology.php on line 29
[13-Apr-2026 16:04:37 America/Santiago] PHP Warning:  Undefined array key "groups" in /var/www/html/VILASECA/CMDBPRnew/public/api_topology.php on line 29
[13-Apr-2026 16:04:37 America/Santiago] PHP Warning:  foreach() argument must be of type array|object, null given in /var/www/html/VILASECA/CMDBPRnew/public/api_topology.php on line 29
[13-Apr-2026 16:04:37 America/Santiago] PHP Warning:  Undefined array key "groups" in /var/www/html/VILASECA/CMDBPRnew/public/api_topology.php on line 29
[13-Apr-2026 16:04:37 America/Santiago] PHP Warning:  foreach() argument must be of type array|object, null given in /var/www/html/VILASECA/CMDBPRnew/public/api_topology.php on line 29
[13-Apr-2026 16:04:37 America/Santiago] PHP Warning:  Undefined array key "groups" in /var/www/html/VILASECA/CMDBPRnew/public/api_topology.php on line 29
[13-Apr-2026 16:04:37 America/Santiago] PHP Warning:  foreach() argument must be of type array|object, null given in /var/www/html/VILASECA/CMDBPRnew/public/api_topology.php on line 29
[13-Apr-2026 16:04:37 America/Santiago] PHP Warning:  Undefined array key "groups" in /var/www/html/VILASECA/CMDBPRnew/public/api_topology.php on line 29
[13-Apr-2026 16:04:37 America/Santiago] PHP Warning:  foreach() argument must be of type array|object, null given in /var/www/html/VILASECA/CMDBPRnew/public/api_topology.php on line 29
[13-Apr-2026 16:04:37 America/Santiago] PHP Warning:  Undefined array key "groups" in /var/www/html/VILASECA/CMDBPRnew/public/api_topology.php on line 29
[13-Apr-2026 16:04:37 America/Santiago] PHP Warning:  foreach() argument must be of type array|object, null given in /var/www/html/VILASECA/CMDBPRnew/public/api_topology.php on line 29
[13-Apr-2026 16:04:37 America/Santiago] PHP Warning:  Undefined array key "groups" in /var/www/html/VILASECA/CMDBPRnew/public/api_topology.php on line 29
[13-Apr-2026 16:04:37 America/Santiago] PHP Warning:  foreach() argument must be of type array|object, null given in /var/www/html/VILASECA/CMDBPRnew/public/api_topology.php on line 29
[13-Apr-2026 16:04:37 America/Santiago] PHP Warning:  Undefined array key "groups" in /var/www/html/VILASECA/CMDBPRnew/public/api_topology.php on line 29
[13-Apr-2026 16:04:37 America/Santiago] PHP Warning:  foreach() argument must be of type array|object, null given in /var/www/html/VILASECA/CMDBPRnew/public/api_topology.php on line 29
[13-Apr-2026 16:04:37 America/Santiago] PHP Warning:  Undefined array key "groups" in /var/www/html/VILASECA/CMDBPRnew/public/api_topology.php on line 29
[13-Apr-2026 16:04:37 America/Santiago] PHP Warning:  foreach() argument must be of type array|object, null given in /var/www/html/VILASECA/CMDBPRnew/public/api_topology.php on line 29
[13-Apr-2026 16:04:37 America/Santiago] PHP Warning:  Undefined array key "groups" in /var/www/html/VILASECA/CMDBPRnew/public/api_topology.php on line 29
[13-Apr-2026 16:04:37 America/Santiago] PHP Warning:  foreach() argument must be of type array|object, null given in /var/www/html/VILASECA/CMDBPRnew/public/api_topology.php on line 29
[13-Apr-2026 16:04:37 America/Santiago] PHP Warning:  Undefined array key "groups" in /var/www/html/VILASECA/CMDBPRnew/public/api_topology.php on line 29
[13-Apr-2026 16:04:37 America/Santiago] PHP Warning:  foreach() argument must be of type array|object, null given in /var/www/html/VILASECA/CMDBPRnew/public/api_topology.php on line 29
[13-Apr-2026 16:04:37 America/Santiago] PHP Warning:  Undefined array key "groups" in /var/www/html/VILASECA/CMDBPRnew/public/api_topology.php on line 29
[13-Apr-2026 16:04:37 America/Santiago] PHP Warning:  foreach() argument must be of type array|object, null given in /var/www/html/VILASECA/CMDBPRnew/public/api_topology.php on line 29
[13-Apr-2026 16:04:37 America/Santiago] PHP Warning:  Undefined array key "groups" in /var/www/html/VILASECA/CMDBPRnew/public/api_topology.php on line 29
[13-Apr-2026 16:04:37 America/Santiago] PHP Warning:  foreach() argument must be of type array|object, null given in /var/www/html/VILASECA/CMDBPRnew/public/api_topology.php on line 29
[13-Apr-2026 16:04:37 America/Santiago] PHP Warning:  Undefined array key "groups" in /var/www/html/VILASECA/CMDBPRnew/public/api_topology.php on line 29
[13-Apr-2026 16:04:37 America/Santiago] PHP Warning:  foreach() argument must be of type array|object, null given in /var/www/html/VILASECA/CMDBPRnew/public/api_topology.php on line 29
[13-Apr-2026 16:04:37 America/Santiago] PHP Warning:  Undefined array key "groups" in /var/www/html/VILASECA/CMDBPRnew/public/api_topology.php on line 29
[13-Apr-2026 16:04:37 America/Santiago] PHP Warning:  foreach() argument must be of type array|object, null given in /var/www/html/VILASECA/CMDBPRnew/public/api_topology.php on line 29
[13-Apr-2026 16:04:37 America/Santiago] PHP Warning:  Undefined array key "groups" in /var/www/html/VILASECA/CMDBPRnew/public/api_topology.php on line 29
[13-Apr-2026 16:04:37 America/Santiago] PHP Warning:  foreach() argument must be of type array|object, null given in /var/www/html/VILASECA/CMDBPRnew/public/api_topology.php on line 29
[13-Apr-2026 16:04:37 America/Santiago] PHP Warning:  Undefined array key "groups" in /var/www/html/VILASECA/CMDBPRnew/public/api_topology.php on line 29
[13-Apr-2026 16:04:37 America/Santiago] PHP Warning:  foreach() argument must be of type array|object, null given in /var/www/html/VILASECA/CMDBPRnew/public/api_topology.php on line 29
[13-Apr-2026 16:04:37 America/Santiago] PHP Warning:  Undefined array key "groups" in /var/www/html/VILASECA/CMDBPRnew/public/api_topology.php on line 29
[13-Apr-2026 16:04:37 America/Santiago] PHP Warning:  foreach() argument must be of type array|object, null given in /var/www/html/VILASECA/CMDBPRnew/public/api_topology.php on line 29
[13-Apr-2026 16:04:37 America/Santiago] PHP Warning:  Undefined array key "groups" in /var/www/html/VILASECA/CMDBPRnew/public/api_topology.php on line 29
[13-Apr-2026 16:04:37 America/Santiago] PHP Warning:  foreach() argument must be of type array|object, null given in /var/www/html/VILASECA/CMDBPRnew/public/api_topology.php on line 29
[13-Apr-2026 16:04:37 America/Santiago] PHP Warning:  Undefined array key "groups" in /var/www/html/VILASECA/CMDBPRnew/public/api_topology.php on line 29
[13-Apr-2026 16:04:37 America/Santiago] PHP Warning:  foreach() argument must be of type array|object, null given in /var/www/html/VILASECA/CMDBPRnew/public/api_topology.php on line 29
[13-Apr-2026 16:04:37 America/Santiago] PHP Warning:  Undefined array key "groups" in /var/www/html/VILASECA/CMDBPRnew/public/api_topology.php on line 29
[13-Apr-2026 16:04:37 America/Santiago] PHP Warning:  foreach() argument must be of type array|object, null given in /var/www/html/VILASECA/CMDBPRnew/public/api_topology.php on line 29
[13-Apr-2026 16:04:37 America/Santiago] PHP Warning:  Undefined array key "groups" in /var/www/html/VILASECA/CMDBPRnew/public/api_topology.php on line 29
[13-Apr-2026 16:04:37 America/Santiago] PHP Warning:  foreach() argument must be of type array|object, null given in /var/www/html/VILASECA/CMDBPRnew/public/api_topology.php on line 29
[13-Apr-2026 16:04:37 America/Santiago] PHP Warning:  Undefined array key "groups" in /var/www/html/VILASECA/CMDBPRnew/public/api_topology.php on line 29
[13-Apr-2026 16:04:37 America/Santiago] PHP Warning:  foreach() argument must be of type array|object, null given in /var/www/html/VILASECA/CMDBPRnew/public/api_topology.php on line 29
[13-Apr-2026 16:04:37 America/Santiago] PHP Warning:  Undefined array key "groups" in /var/www/html/VILASECA/CMDBPRnew/public/api_topology.php on line 29
[13-Apr-2026 16:04:37 America/Santiago] PHP Warning:  foreach() argument must be of type array|object, null given in /var/www/html/VILASECA/CMDBPRnew/public/api_topology.php on line 29
[13-Apr-2026 16:04:37 America/Santiago] PHP Warning:  Undefined array key "groups" in /var/www/html/VILASECA/CMDBPRnew/public/api_topology.php on line 29
[13-Apr-2026 16:04:37 America/Santiago] PHP Warning:  foreach() argument must be of type array|object, null given in /var/www/html/VILASECA/CMDBPRnew/public/api_topology.php on line 29
[13-Apr-2026 16:04:37 America/Santiago] PHP Warning:  Undefined array key "groups" in /var/www/html/VILASECA/CMDBPRnew/public/api_topology.php on line 29
[13-Apr-2026 16:04:37 America/Santiago] PHP Warning:  foreach() argument must be of type array|object, null given in /var/www/html/VILASECA/CMDBPRnew/public/api_topology.php on line 29
[13-Apr-2026 16:04:37 America/Santiago] PHP Warning:  Undefined array key "groups" in /var/www/html/VILASECA/CMDBPRnew/public/api_topology.php on line 29
[13-Apr-2026 16:04:37 America/Santiago] PHP Warning:  foreach() argument must be of type array|object, null given in /var/www/html/VILASECA/CMDBPRnew/public/api_topology.php on line 29
[13-Apr-2026 16:04:37 America/Santiago] PHP Warning:  Undefined array key "groups" in /var/www/html/VILASECA/CMDBPRnew/public/api_topology.php on line 29
[13-Apr-2026 16:04:37 America/Santiago] PHP Warning:  foreach() argument must be of type array|object, null given in /var/www/html/VILASECA/CMDBPRnew/public/api_topology.php on line 29
[13-Apr-2026 16:04:37 America/Santiago] PHP Warning:  Undefined array key "groups" in /var/www/html/VILASECA/CMDBPRnew/public/api_topology.php on line 29
[13-Apr-2026 16:04:37 America/Santiago] PHP Warning:  foreach() argument must be of type array|object, null given in /var/www/html/VILASECA/CMDBPRnew/public/api_topology.php on line 29
[13-Apr-2026 16:04:37 America/Santiago] PHP Warning:  Undefined array key "groups" in /var/www/html/VILASECA/CMDBPRnew/public/api_topology.php on line 29
[13-Apr-2026 16:04:37 America/Santiago] PHP Warning:  foreach() argument must be of type array|object, null given in /var/www/html/VILASECA/CMDBPRnew/public/api_topology.php on line 29
[13-Apr-2026 16:04:37 America/Santiago] PHP Warning:  Undefined array key "groups" in /var/www/html/VILASECA/CMDBPRnew/public/api_topology.php on line 29
[13-Apr-2026 16:04:37 America/Santiago] PHP Warning:  foreach() argument must be of type array|object, null given in /var/www/html/VILASECA/CMDBPRnew/public/api_topology.php on line 29
[13-Apr-2026 16:04:37 America/Santiago] PHP Warning:  Undefined array key "groups" in /var/www/html/VILASECA/CMDBPRnew/public/api_topology.php on line 29
[13-Apr-2026 16:04:37 America/Santiago] PHP Warning:  foreach() argument must be of type array|object, null given in /var/www/html/VILASECA/CMDBPRnew/public/api_topology.php on line 29
[13-Apr-2026 16:04:37 America/Santiago] PHP Warning:  Undefined array key "groups" in /var/www/html/VILASECA/CMDBPRnew/public/api_topology.php on line 29
[13-Apr-2026 16:04:37 America/Santiago] PHP Warning:  foreach() argument must be of type array|object, null given in /var/www/html/VILASECA/CMDBPRnew/public/api_topology.php on line 29
[13-Apr-2026 16:04:37 America/Santiago] PHP Warning:  Undefined array key "groups" in /var/www/html/VILASECA/CMDBPRnew/public/api_topology.php on line 29
[13-Apr-2026 16:04:37 America/Santiago] PHP Warning:  foreach() argument must be of type array|object, null given in /var/www/html/VILASECA/CMDBPRnew/public/api_topology.php on line 29
[13-Apr-2026 16:04:37 America/Santiago] PHP Warning:  Undefined array key "groups" in /var/www/html/VILASECA/CMDBPRnew/public/api_topology.php on line 29
[13-Apr-2026 16:04:37 America/Santiago] PHP Warning:  foreach() argument must be of type array|object, null given in /var/www/html/VILASECA/CMDBPRnew/public/api_topology.php on line 29
[13-Apr-2026 16:04:37 America/Santiago] PHP Warning:  Undefined array key "groups" in /var/www/html/VILASECA/CMDBPRnew/public/api_topology.php on line 29
[13-Apr-2026 16:04:37 America/Santiago] PHP Warning:  foreach() argument must be of type array|object, null given in /var/www/html/VILASECA/CMDBPRnew/public/api_topology.php on line 29
[13-Apr-2026 16:04:37 America/Santiago] PHP Warning:  Undefined array key "groups" in /var/www/html/VILASECA/CMDBPRnew/public/api_topology.php on line 29
[13-Apr-2026 16:04:37 America/Santiago] PHP Warning:  foreach() argument must be of type array|object, null given in /var/www/html/VILASECA/CMDBPRnew/public/api_topology.php on line 29
[13-Apr-2026 16:04:37 America/Santiago] PHP Warning:  Undefined array key "groups" in /var/www/html/VILASECA/CMDBPRnew/public/api_topology.php on line 29
[13-Apr-2026 16:04:37 America/Santiago] PHP Warning:  foreach() argument must be of type array|object, null given in /var/www/html/VILASECA/CMDBPRnew/public/api_topology.php on line 29
[13-Apr-2026 16:04:37 America/Santiago] PHP Warning:  Undefined array key "groups" in /var/www/html/VILASECA/CMDBPRnew/public/api_topology.php on line 29
[13-Apr-2026 16:04:37 America/Santiago] PHP Warning:  foreach() argument must be of type array|object, null given in /var/www/html/VILASECA/CMDBPRnew/public/api_topology.php on line 29
[13-Apr-2026 16:04:37 America/Santiago] PHP Warning:  Undefined array key "groups" in /var/www/html/VILASECA/CMDBPRnew/public/api_topology.php on line 29
[13-Apr-2026 16:04:37 America/Santiago] PHP Warning:  foreach() argument must be of type array|object, null given in /var/www/html/VILASECA/CMDBPRnew/public/api_topology.php on line 29
[13-Apr-2026 16:04:37 America/Santiago] PHP Warning:  Undefined array key "groups" in /var/www/html/VILASECA/CMDBPRnew/public/api_topology.php on line 29
[13-Apr-2026 16:04:37 America/Santiago] PHP Warning:  foreach() argument must be of type array|object, null given in /var/www/html/VILASECA/CMDBPRnew/public/api_topology.php on line 29
[13-Apr-2026 16:04:37 America/Santiago] PHP Warning:  Undefined array key "groups" in /var/www/html/VILASECA/CMDBPRnew/public/api_topology.php on line 29
[13-Apr-2026 16:04:37 America/Santiago] PHP Warning:  foreach() argument must be of type array|object, null given in /var/www/html/VILASECA/CMDBPRnew/public/api_topology.php on line 29
[13-Apr-2026 16:04:37 America/Santiago] PHP Warning:  Undefined array key "groups" in /var/www/html/VILASECA/CMDBPRnew/public/api_topology.php on line 29
[13-Apr-2026 16:04:37 America/Santiago] PHP Warning:  foreach() argument must be of type array|object, null given in /var/www/html/VILASECA/CMDBPRnew/public/api_topology.php on line 29
[13-Apr-2026 16:04:37 America/Santiago] PHP Warning:  Undefined array key "groups" in /var/www/html/VILASECA/CMDBPRnew/public/api_topology.php on line 29
[13-Apr-2026 16:04:37 America/Santiago] PHP Warning:  foreach() argument must be of type array|object, null given in /var/www/html/VILASECA/CMDBPRnew/public/api_topology.php on line 29
[13-Apr-2026 16:04:37 America/Santiago] PHP Warning:  Undefined array key "groups" in /var/www/html/VILASECA/CMDBPRnew/public/api_topology.php on line 29
[13-Apr-2026 16:04:37 America/Santiago] PHP Warning:  foreach() argument must be of type array|object, null given in /var/www/html/VILASECA/CMDBPRnew/public/api_topology.php on line 29
[13-Apr-2026 16:04:37 America/Santiago] PHP Warning:  Undefined array key "groups" in /var/www/html/VILASECA/CMDBPRnew/public/api_topology.php on line 29
[13-Apr-2026 16:04:37 America/Santiago] PHP Warning:  foreach() argument must be of type array|object, null given in /var/www/html/VILASECA/CMDBPRnew/public/api_topology.php on line 29
[13-Apr-2026 16:04:37 America/Santiago] PHP Warning:  Undefined array key "groups" in /var/www/html/VILASECA/CMDBPRnew/public/api_topology.php on line 29
[13-Apr-2026 16:04:37 America/Santiago] PHP Warning:  foreach() argument must be of type array|object, null given in /var/www/html/VILASECA/CMDBPRnew/public/api_topology.php on line 29
[13-Apr-2026 16:04:37 America/Santiago] PHP Warning:  Undefined array key "groups" in /var/www/html/VILASECA/CMDBPRnew/public/api_topology.php on line 29
[13-Apr-2026 16:04:37 America/Santiago] PHP Warning:  foreach() argument must be of type array|object, null given in /var/www/html/VILASECA/CMDBPRnew/public/api_topology.php on line 29
[13-Apr-2026 16:04:37 America/Santiago] PHP Warning:  Undefined array key "groups" in /var/www/html/VILASECA/CMDBPRnew/public/api_topology.php on line 29
[13-Apr-2026 16:04:37 America/Santiago] PHP Warning:  foreach() argument must be of type array|object, null given in /var/www/html/VILASECA/CMDBPRnew/public/api_topology.php on line 29
[13-Apr-2026 16:04:37 America/Santiago] PHP Warning:  Undefined array key "groups" in /var/www/html/VILASECA/CMDBPRnew/public/api_topology.php on line 29
[13-Apr-2026 16:04:37 America/Santiago] PHP Warning:  foreach() argument must be of type array|object, null given in /var/www/html/VILASECA/CMDBPRnew/public/api_topology.php on line 29
[13-Apr-2026 16:04:37 America/Santiago] PHP Warning:  Undefined array key "groups" in /var/www/html/VILASECA/CMDBPRnew/public/api_topology.php on line 29
[13-Apr-2026 16:04:37 America/Santiago] PHP Warning:  foreach() argument must be of type array|object, null given in /var/www/html/VILASECA/CMDBPRnew/public/api_topology.php on line 29
[13-Apr-2026 16:04:37 America/Santiago] PHP Warning:  Undefined array key "groups" in /var/www/html/VILASECA/CMDBPRnew/public/api_topology.php on line 29
[13-Apr-2026 16:04:37 America/Santiago] PHP Warning:  foreach() argument must be of type array|object, null given in /var/www/html/VILASECA/CMDBPRnew/public/api_topology.php on line 29
[13-Apr-2026 16:04:37 America/Santiago] PHP Warning:  Undefined array key "groups" in /var/www/html/VILASECA/CMDBPRnew/public/api_topology.php on line 29
[13-Apr-2026 16:04:37 America/Santiago] PHP Warning:  foreach() argument must be of type array|object, null given in /var/www/html/VILASECA/CMDBPRnew/public/api_topology.php on line 29
[13-Apr-2026 16:04:37 America/Santiago] PHP Warning:  Undefined array key "groups" in /var/www/html/VILASECA/CMDBPRnew/public/api_topology.php on line 29
[13-Apr-2026 16:04:37 America/Santiago] PHP Warning:  foreach() argument must be of type array|object, null given in /var/www/html/VILASECA/CMDBPRnew/public/api_topology.php on line 29
[13-Apr-2026 16:04:37 America/Santiago] PHP Warning:  Undefined array key "groups" in /var/www/html/VILASECA/CMDBPRnew/public/api_topology.php on line 29
[13-Apr-2026 16:04:37 America/Santiago] PHP Warning:  foreach() argument must be of type array|object, null given in /var/www/html/VILASECA/CMDBPRnew/public/api_topology.php on line 29
[13-Apr-2026 16:04:37 America/Santiago] PHP Warning:  Undefined array key "groups" in /var/www/html/VILASECA/CMDBPRnew/public/api_topology.php on line 29
[13-Apr-2026 16:04:37 America/Santiago] PHP Warning:  foreach() argument must be of type array|object, null given in /var/www/html/VILASECA/CMDBPRnew/public/api_topology.php on line 29
[13-Apr-2026 16:04:37 America/Santiago] PHP Warning:  Undefined array key "groups" in /var/www/html/VILASECA/CMDBPRnew/public/api_topology.php on line 29
[13-Apr-2026 16:04:37 America/Santiago] PHP Warning:  foreach() argument must be of type array|object, null given in /var/www/html/VILASECA/CMDBPRnew/public/api_topology.php on line 29
[13-Apr-2026 16:04:37 America/Santiago] PHP Warning:  Undefined array key "groups" in /var/www/html/VILASECA/CMDBPRnew/public/api_topology.php on line 29
[13-Apr-2026 16:04:37 America/Santiago] PHP Warning:  foreach() argument must be of type array|object, null given in /var/www/html/VILASECA/CMDBPRnew/public/api_topology.php on line 29
[13-Apr-2026 16:04:37 America/Santiago] PHP Warning:  Undefined array key "groups" in /var/www/html/VILASECA/CMDBPRnew/public/api_topology.php on line 29
[13-Apr-2026 16:04:37 America/Santiago] PHP Warning:  foreach() argument must be of type array|object, null given in /var/www/html/VILASECA/CMDBPRnew/public/api_topology.php on line 29
[13-Apr-2026 16:04:37 America/Santiago] PHP Warning:  Undefined array key "groups" in /var/www/html/VILASECA/CMDBPRnew/public/api_topology.php on line 29
[13-Apr-2026 16:04:37 America/Santiago] PHP Warning:  foreach() argument must be of type array|object, null given in /var/www/html/VILASECA/CMDBPRnew/public/api_topology.php on line 29
[13-Apr-2026 16:04:37 America/Santiago] PHP Warning:  Undefined array key "groups" in /var/www/html/VILASECA/CMDBPRnew/public/api_topology.php on line 29
[13-Apr-2026 16:04:37 America/Santiago] PHP Warning:  foreach() argument must be of type array|object, null given in /var/www/html/VILASECA/CMDBPRnew/public/api_topology.php on line 29
[13-Apr-2026 16:04:37 America/Santiago] PHP Warning:  Undefined array key "groups" in /var/www/html/VILASECA/CMDBPRnew/public/api_topology.php on line 29
[13-Apr-2026 16:04:37 America/Santiago] PHP Warning:  foreach() argument must be of type array|object, null given in /var/www/html/VILASECA/CMDBPRnew/public/api_topology.php on line 29
[13-Apr-2026 16:04:37 America/Santiago] PHP Warning:  Undefined array key "groups" in /var/www/html/VILASECA/CMDBPRnew/public/api_topology.php on line 29
[13-Apr-2026 16:04:37 America/Santiago] PHP Warning:  foreach() argument must be of type array|object, null given in /var/www/html/VILASECA/CMDBPRnew/public/api_topology.php on line 29
[13-Apr-2026 16:04:37 America/Santiago] PHP Warning:  Undefined array key "groups" in /var/www/html/VILASECA/CMDBPRnew/public/api_topology.php on line 29
[13-Apr-2026 16:04:37 America/Santiago] PHP Warning:  foreach() argument must be of type array|object, null given in /var/www/html/VILASECA/CMDBPRnew/public/api_topology.php on line 29
[13-Apr-2026 16:04:37 America/Santiago] PHP Warning:  Undefined array key "groups" in /var/www/html/VILASECA/CMDBPRnew/public/api_topology.php on line 29
[13-Apr-2026 16:04:37 America/Santiago] PHP Warning:  foreach() argument must be of type array|object, null given in /var/www/html/VILASECA/CMDBPRnew/public/api_topology.php on line 29
[13-Apr-2026 16:04:37 America/Santiago] PHP Warning:  Undefined array key "groups" in /var/www/html/VILASECA/CMDBPRnew/public/api_topology.php on line 29
[13-Apr-2026 16:04:37 America/Santiago] PHP Warning:  foreach() argument must be of type array|object, null given in /var/www/html/VILASECA/CMDBPRnew/public/api_topology.php on line 29
[13-Apr-2026 16:04:37 America/Santiago] PHP Warning:  Undefined array key "groups" in /var/www/html/VILASECA/CMDBPRnew/public/api_topology.php on line 29
[13-Apr-2026 16:04:37 America/Santiago] PHP Warning:  foreach() argument must be of type array|object, null given in /var/www/html/VILASECA/CMDBPRnew/public/api_topology.php on line 29
[13-Apr-2026 16:04:37 America/Santiago] PHP Warning:  Undefined array key "groups" in /var/www/html/VILASECA/CMDBPRnew/public/api_topology.php on line 29
[13-Apr-2026 16:04:37 America/Santiago] PHP Warning:  foreach() argument must be of type array|object, null given in /var/www/html/VILASECA/CMDBPRnew/public/api_topology.php on line 29
[13-Apr-2026 16:04:37 America/Santiago] PHP Warning:  Undefined array key "groups" in /var/www/html/VILASECA/CMDBPRnew/public/api_topology.php on line 29
[13-Apr-2026 16:04:37 America/Santiago] PHP Warning:  foreach() argument must be of type array|object, null given in /var/www/html/VILASECA/CMDBPRnew/public/api_topology.php on line 29
[13-Apr-2026 16:04:37 America/Santiago] PHP Warning:  Undefined array key "groups" in /var/www/html/VILASECA/CMDBPRnew/public/api_topology.php on line 29
[13-Apr-2026 16:04:37 America/Santiago] PHP Warning:  foreach() argument must be of type array|object, null given in /var/www/html/VILASECA/CMDBPRnew/public/api_topology.php on line 29
[13-Apr-2026 16:04:37 America/Santiago] PHP Warning:  Undefined array key "groups" in /var/www/html/VILASECA/CMDBPRnew/public/api_topology.php on line 29
[13-Apr-2026 16:04:37 America/Santiago] PHP Warning:  foreach() argument must be of type array|object, null given in /var/www/html/VILASECA/CMDBPRnew/public/api_topology.php on line 29
[13-Apr-2026 16:04:37 America/Santiago] PHP Warning:  Undefined array key "groups" in /var/www/html/VILASECA/CMDBPRnew/public/api_topology.php on line 29
[13-Apr-2026 16:04:37 America/Santiago] PHP Warning:  foreach() argument must be of type array|object, null given in /var/www/html/VILASECA/CMDBPRnew/public/api_topology.php on line 29
[13-Apr-2026 16:04:37 America/Santiago] PHP Warning:  Undefined array key "groups" in /var/www/html/VILASECA/CMDBPRnew/public/api_topology.php on line 29
[13-Apr-2026 16:04:37 America/Santiago] PHP Warning:  foreach() argument must be of type array|object, null given in /var/www/html/VILASECA/CMDBPRnew/public/api_topology.php on line 29
[13-Apr-2026 16:04:37 America/Santiago] PHP Warning:  Undefined array key "groups" in /var/www/html/VILASECA/CMDBPRnew/public/api_topology.php on line 29
[13-Apr-2026 16:04:37 America/Santiago] PHP Warning:  foreach() argument must be of type array|object, null given in /var/www/html/VILASECA/CMDBPRnew/public/api_topology.php on line 29
[13-Apr-2026 16:04:37 America/Santiago] PHP Warning:  Undefined array key "groups" in /var/www/html/VILASECA/CMDBPRnew/public/api_topology.php on line 29
[13-Apr-2026 16:04:37 America/Santiago] PHP Warning:  foreach() argument must be of type array|object, null given in /var/www/html/VILASECA/CMDBPRnew/public/api_topology.php on line 29
[13-Apr-2026 16:04:37 America/Santiago] PHP Warning:  Undefined array key "groups" in /var/www/html/VILASECA/CMDBPRnew/public/api_topology.php on line 29
[13-Apr-2026 16:04:37 America/Santiago] PHP Warning:  foreach() argument must be of type array|object, null given in /var/www/html/VILASECA/CMDBPRnew/public/api_topology.php on line 29
[13-Apr-2026 16:04:37 America/Santiago] PHP Warning:  Undefined array key "groups" in /var/www/html/VILASECA/CMDBPRnew/public/api_topology.php on line 29
[13-Apr-2026 16:04:37 America/Santiago] PHP Warning:  foreach() argument must be of type array|object, null given in /var/www/html/VILASECA/CMDBPRnew/public/api_topology.php on line 29
[13-Apr-2026 16:04:37 America/Santiago] PHP Warning:  Undefined array key "groups" in /var/www/html/VILASECA/CMDBPRnew/public/api_topology.php on line 29
[13-Apr-2026 16:04:37 America/Santiago] PHP Warning:  foreach() argument must be of type array|object, null given in /var/www/html/VILASECA/CMDBPRnew/public/api_topology.php on line 29
[13-Apr-2026 16:04:37 America/Santiago] PHP Warning:  Undefined array key "groups" in /var/www/html/VILASECA/CMDBPRnew/public/api_topology.php on line 29
[13-Apr-2026 16:04:37 America/Santiago] PHP Warning:  foreach() argument must be of type array|object, null given in /var/www/html/VILASECA/CMDBPRnew/public/api_topology.php on line 29
[13-Apr-2026 16:04:37 America/Santiago] PHP Warning:  Undefined array key "groups" in /var/www/html/VILASECA/CMDBPRnew/public/api_topology.php on line 29
[13-Apr-2026 16:04:37 America/Santiago] PHP Warning:  foreach() argument must be of type array|object, null given in /var/www/html/VILASECA/CMDBPRnew/public/api_topology.php on line 29
[13-Apr-2026 16:04:37 America/Santiago] PHP Warning:  Undefined array key "groups" in /var/www/html/VILASECA/CMDBPRnew/public/api_topology.php on line 29
[13-Apr-2026 16:04:37 America/Santiago] PHP Warning:  foreach() argument must be of type array|object, null given in /var/www/html/VILASECA/CMDBPRnew/public/api_topology.php on line 29
[13-Apr-2026 16:04:37 America/Santiago] PHP Warning:  Undefined array key "groups" in /var/www/html/VILASECA/CMDBPRnew/public/api_topology.php on line 29
[13-Apr-2026 16:04:37 America/Santiago] PHP Warning:  foreach() argument must be of type array|object, null given in /var/www/html/VILASECA/CMDBPRnew/public/api_topology.php on line 29
[13-Apr-2026 16:04:37 America/Santiago] PHP Warning:  Undefined array key "groups" in /var/www/html/VILASECA/CMDBPRnew/public/api_topology.php on line 29
[13-Apr-2026 16:04:37 America/Santiago] PHP Warning:  foreach() argument must be of type array|object, null given in /var/www/html/VILASECA/CMDBPRnew/public/api_topology.php on line 29
[13-Apr-2026 16:04:37 America/Santiago] PHP Warning:  Undefined array key "groups" in /var/www/html/VILASECA/CMDBPRnew/public/api_topology.php on line 29
[13-Apr-2026 16:04:37 America/Santiago] PHP Warning:  foreach() argument must be of type array|object, null given in /var/www/html/VILASECA/CMDBPRnew/public/api_topology.php on line 29
[13-Apr-2026 16:04:37 America/Santiago] PHP Warning:  Undefined array key "groups" in /var/www/html/VILASECA/CMDBPRnew/public/api_topology.php on line 29
[13-Apr-2026 16:04:37 America/Santiago] PHP Warning:  foreach() argument must be of type array|object, null given in /var/www/html/VILASECA/CMDBPRnew/public/api_topology.php on line 29
[13-Apr-2026 16:04:37 America/Santiago] PHP Warning:  Undefined array key "groups" in /var/www/html/VILASECA/CMDBPRnew/public/api_topology.php on line 29
[13-Apr-2026 16:04:37 America/Santiago] PHP Warning:  foreach() argument must be of type array|object, null given in /var/www/html/VILASECA/CMDBPRnew/public/api_topology.php on line 29
[13-Apr-2026 16:04:37 America/Santiago] PHP Warning:  Undefined array key "groups" in /var/www/html/VILASECA/CMDBPRnew/public/api_topology.php on line 29
[13-Apr-2026 16:04:37 America/Santiago] PHP Warning:  foreach() argument must be of type array|object, null given in /var/www/html/VILASECA/CMDBPRnew/public/api_topology.php on line 29
[13-Apr-2026 16:04:37 America/Santiago] PHP Warning:  Undefined array key "groups" in /var/www/html/VILASECA/CMDBPRnew/public/api_topology.php on line 29
[13-Apr-2026 16:04:37 America/Santiago] PHP Warning:  foreach() argument must be of type array|object, null given in /var/www/html/VILASECA/CMDBPRnew/public/api_topology.php on line 29
[13-Apr-2026 16:04:37 America/Santiago] PHP Warning:  Undefined array key "groups" in /var/www/html/VILASECA/CMDBPRnew/public/api_topology.php on line 29
[13-Apr-2026 16:04:37 America/Santiago] PHP Warning:  foreach() argument must be of type array|object, null given in /var/www/html/VILASECA/CMDBPRnew/public/api_topology.php on line 29
[13-Apr-2026 16:04:37 America/Santiago] PHP Warning:  Undefined array key "groups" in /var/www/html/VILASECA/CMDBPRnew/public/api_topology.php on line 29
[13-Apr-2026 16:04:37 America/Santiago] PHP Warning:  foreach() argument must be of type array|object, null given in /var/www/html/VILASECA/CMDBPRnew/public/api_topology.php on line 29
[13-Apr-2026 16:04:37 America/Santiago] PHP Warning:  Undefined array key "groups" in /var/www/html/VILASECA/CMDBPRnew/public/api_topology.php on line 29
[13-Apr-2026 16:04:37 America/Santiago] PHP Warning:  foreach() argument must be of type array|object, null given in /var/www/html/VILASECA/CMDBPRnew/public/api_topology.php on line 29
[13-Apr-2026 16:04:37 America/Santiago] PHP Warning:  Undefined array key "groups" in /var/www/html/VILASECA/CMDBPRnew/public/api_topology.php on line 29
[13-Apr-2026 16:04:37 America/Santiago] PHP Warning:  foreach() argument must be of type array|object, null given in /var/www/html/VILASECA/CMDBPRnew/public/api_topology.php on line 29
[13-Apr-2026 16:04:37 America/Santiago] PHP Warning:  Undefined array key "groups" in /var/www/html/VILASECA/CMDBPRnew/public/api_topology.php on line 29
[13-Apr-2026 16:04:37 America/Santiago] PHP Warning:  foreach() argument must be of type array|object, null given in /var/www/html/VILASECA/CMDBPRnew/public/api_topology.php on line 29
[13-Apr-2026 16:04:37 America/Santiago] PHP Warning:  Undefined array key "groups" in /var/www/html/VILASECA/CMDBPRnew/public/api_topology.php on line 29
[13-Apr-2026 16:04:37 America/Santiago] PHP Warning:  foreach() argument must be of type array|object, null given in /var/www/html/VILASECA/CMDBPRnew/public/api_topology.php on line 29
[13-Apr-2026 16:04:37 America/Santiago] PHP Warning:  Undefined array key "groups" in /var/www/html/VILASECA/CMDBPRnew/public/api_topology.php on line 29
[13-Apr-2026 16:04:37 America/Santiago] PHP Warning:  foreach() argument must be of type array|object, null given in /var/www/html/VILASECA/CMDBPRnew/public/api_topology.php on line 29
[13-Apr-2026 16:04:37 America/Santiago] PHP Warning:  Undefined array key "groups" in /var/www/html/VILASECA/CMDBPRnew/public/api_topology.php on line 29
[13-Apr-2026 16:04:37 America/Santiago] PHP Warning:  foreach() argument must be of type array|object, null given in /var/www/html/VILASECA/CMDBPRnew/public/api_topology.php on line 29
[13-Apr-2026 16:04:37 America/Santiago] PHP Warning:  Undefined array key "groups" in /var/www/html/VILASECA/CMDBPRnew/public/api_topology.php on line 29
[13-Apr-2026 16:04:37 America/Santiago] PHP Warning:  foreach() argument must be of type array|object, null given in /var/www/html/VILASECA/CMDBPRnew/public/api_topology.php on line 29
[13-Apr-2026 16:04:37 America/Santiago] PHP Warning:  Undefined array key "groups" in /var/www/html/VILASECA/CMDBPRnew/public/api_topology.php on line 29
[13-Apr-2026 16:04:37 America/Santiago] PHP Warning:  foreach() argument must be of type array|object, null given in /var/www/html/VILASECA/CMDBPRnew/public/api_topology.php on line 29
[13-Apr-2026 16:04:37 America/Santiago] PHP Warning:  Undefined array key "groups" in /var/www/html/VILASECA/CMDBPRnew/public/api_topology.php on line 29
[13-Apr-2026 16:04:37 America/Santiago] PHP Warning:  foreach() argument must be of type array|object, null given in /var/www/html/VILASECA/CMDBPRnew/public/api_topology.php on line 29
[13-Apr-2026 16:04:37 America/Santiago] PHP Warning:  Undefined array key "groups" in /var/www/html/VILASECA/CMDBPRnew/public/api_topology.php on line 29
[13-Apr-2026 16:04:37 America/Santiago] PHP Warning:  foreach() argument must be of type array|object, null given in /var/www/html/VILASECA/CMDBPRnew/public/api_topology.php on line 29
[13-Apr-2026 16:04:37 America/Santiago] PHP Warning:  Undefined array key "groups" in /var/www/html/VILASECA/CMDBPRnew/public/api_topology.php on line 29
[13-Apr-2026 16:04:37 America/Santiago] PHP Warning:  foreach() argument must be of type array|object, null given in /var/www/html/VILASECA/CMDBPRnew/public/api_topology.php on line 29
[13-Apr-2026 16:04:37 America/Santiago] PHP Warning:  Undefined array key "groups" in /var/www/html/VILASECA/CMDBPRnew/public/api_topology.php on line 29
[13-Apr-2026 16:04:37 America/Santiago] PHP Warning:  foreach() argument must be of type array|object, null given in /var/www/html/VILASECA/CMDBPRnew/public/api_topology.php on line 29
[13-Apr-2026 16:04:37 America/Santiago] PHP Warning:  Undefined array key "groups" in /var/www/html/VILASECA/CMDBPRnew/public/api_topology.php on line 29
[13-Apr-2026 16:04:37 America/Santiago] PHP Warning:  foreach() argument must be of type array|object, null given in /var/www/html/VILASECA/CMDBPRnew/public/api_topology.php on line 29
[13-Apr-2026 16:04:37 America/Santiago] PHP Warning:  Undefined array key "groups" in /var/www/html/VILASECA/CMDBPRnew/public/api_topology.php on line 29
[13-Apr-2026 16:04:37 America/Santiago] PHP Warning:  foreach() argument must be of type array|object, null given in /var/www/html/VILASECA/CMDBPRnew/public/api_topology.php on line 29
[13-Apr-2026 16:04:37 America/Santiago] PHP Warning:  Undefined array key "groups" in /var/www/html/VILASECA/CMDBPRnew/public/api_topology.php on line 29
[13-Apr-2026 16:04:37 America/Santiago] PHP Warning:  foreach() argument must be of type array|object, null given in /var/www/html/VILASECA/CMDBPRnew/public/api_topology.php on line 29
[13-Apr-2026 16:04:37 America/Santiago] PHP Warning:  Undefined array key "groups" in /var/www/html/VILASECA/CMDBPRnew/public/api_topology.php on line 29
[13-Apr-2026 16:04:37 America/Santiago] PHP Warning:  foreach() argument must be of type array|object, null given in /var/www/html/VILASECA/CMDBPRnew/public/api_topology.php on line 29
[13-Apr-2026 16:04:37 America/Santiago] PHP Warning:  Undefined array key "groups" in /var/www/html/VILASECA/CMDBPRnew/public/api_topology.php on line 29
[13-Apr-2026 16:04:37 America/Santiago] PHP Warning:  foreach() argument must be of type array|object, null given in /var/www/html/VILASECA/CMDBPRnew/public/api_topology.php on line 29
[13-Apr-2026 16:04:37 America/Santiago] PHP Warning:  Undefined array key "groups" in /var/www/html/VILASECA/CMDBPRnew/public/api_topology.php on line 29
[13-Apr-2026 16:04:37 America/Santiago] PHP Warning:  foreach() argument must be of type array|object, null given in /var/www/html/VILASECA/CMDBPRnew/public/api_topology.php on line 29
[13-Apr-2026 16:04:37 America/Santiago] PHP Warning:  Undefined array key "groups" in /var/www/html/VILASECA/CMDBPRnew/public/api_topology.php on line 29
[13-Apr-2026 16:04:37 America/Santiago] PHP Warning:  foreach() argument must be of type array|object, null given in /var/www/html/VILASECA/CMDBPRnew/public/api_topology.php on line 29
[13-Apr-2026 16:04:37 America/Santiago] PHP Warning:  Undefined array key "groups" in /var/www/html/VILASECA/CMDBPRnew/public/api_topology.php on line 29
[13-Apr-2026 16:04:37 America/Santiago] PHP Warning:  foreach() argument must be of type array|object, null given in /var/www/html/VILASECA/CMDBPRnew/public/api_topology.php on line 29
[13-Apr-2026 16:04:37 America/Santiago] PHP Warning:  Undefined array key "groups" in /var/www/html/VILASECA/CMDBPRnew/public/api_topology.php on line 29
[13-Apr-2026 16:04:37 America/Santiago] PHP Warning:  foreach() argument must be of type array|object, null given in /var/www/html/VILASECA/CMDBPRnew/public/api_topology.php on line 29
[13-Apr-2026 16:04:37 America/Santiago] PHP Warning:  Undefined array key "groups" in /var/www/html/VILASECA/CMDBPRnew/public/api_topology.php on line 29
[13-Apr-2026 16:04:37 America/Santiago] PHP Warning:  foreach() argument must be of type array|object, null given in /var/www/html/VILASECA/CMDBPRnew/public/api_topology.php on line 29
[13-Apr-2026 16:04:37 America/Santiago] PHP Warning:  Undefined array key "groups" in /var/www/html/VILASECA/CMDBPRnew/public/api_topology.php on line 29
[13-Apr-2026 16:04:37 America/Santiago] PHP Warning:  foreach() argument must be of type array|object, null given in /var/www/html/VILASECA/CMDBPRnew/public/api_topology.php on line 29
[13-Apr-2026 16:04:37 America/Santiago] PHP Warning:  Undefined array key "groups" in /var/www/html/VILASECA/CMDBPRnew/public/api_topology.php on line 29
[13-Apr-2026 16:04:37 America/Santiago] PHP Warning:  foreach() argument must be of type array|object, null given in /var/www/html/VILASECA/CMDBPRnew/public/api_topology.php on line 29
[13-Apr-2026 16:04:37 America/Santiago] PHP Warning:  Undefined array key "groups" in /var/www/html/VILASECA/CMDBPRnew/public/api_topology.php on line 29
[13-Apr-2026 16:04:37 America/Santiago] PHP Warning:  foreach() argument must be of type array|object, null given in /var/www/html/VILASECA/CMDBPRnew/public/api_topology.php on line 29
[13-Apr-2026 16:04:37 America/Santiago] PHP Warning:  Undefined array key "groups" in /var/www/html/VILASECA/CMDBPRnew/public/api_topology.php on line 29
[13-Apr-2026 16:04:37 America/Santiago] PHP Warning:  foreach() argument must be of type array|object, null given in /var/www/html/VILASECA/CMDBPRnew/public/api_topology.php on line 29
[13-Apr-2026 16:04:37 America/Santiago] PHP Warning:  Undefined array key "groups" in /var/www/html/VILASECA/CMDBPRnew/public/api_topology.php on line 29
[13-Apr-2026 16:04:37 America/Santiago] PHP Warning:  foreach() argument must be of type array|object, null given in /var/www/html/VILASECA/CMDBPRnew/public/api_topology.php on line 29
[13-Apr-2026 16:04:37 America/Santiago] PHP Warning:  Undefined array key "groups" in /var/www/html/VILASECA/CMDBPRnew/public/api_topology.php on line 29
[13-Apr-2026 16:04:37 America/Santiago] PHP Warning:  foreach() argument must be of type array|object, null given in /var/www/html/VILASECA/CMDBPRnew/public/api_topology.php on line 29
[13-Apr-2026 16:04:37 America/Santiago] PHP Warning:  Undefined array key "groups" in /var/www/html/VILASECA/CMDBPRnew/public/api_topology.php on line 29
[13-Apr-2026 16:04:37 America/Santiago] PHP Warning:  foreach() argument must be of type array|object, null given in /var/www/html/VILASECA/CMDBPRnew/public/api_topology.php on line 29
[13-Apr-2026 16:04:37 America/Santiago] PHP Warning:  Undefined array key "groups" in /var/www/html/VILASECA/CMDBPRnew/public/api_topology.php on line 29
[13-Apr-2026 16:04:37 America/Santiago] PHP Warning:  foreach() argument must be of type array|object, null given in /var/www/html/VILASECA/CMDBPRnew/public/api_topology.php on line 29
[13-Apr-2026 16:04:37 America/Santiago] PHP Warning:  Undefined array key "groups" in /var/www/html/VILASECA/CMDBPRnew/public/api_topology.php on line 29
[13-Apr-2026 16:04:37 America/Santiago] PHP Warning:  foreach() argument must be of type array|object, null given in /var/www/html/VILASECA/CMDBPRnew/public/api_topology.php on line 29
[13-Apr-2026 16:04:37 America/Santiago] PHP Warning:  Undefined array key "groups" in /var/www/html/VILASECA/CMDBPRnew/public/api_topology.php on line 29
[13-Apr-2026 16:04:37 America/Santiago] PHP Warning:  foreach() argument must be of type array|object, null given in /var/www/html/VILASECA/CMDBPRnew/public/api_topology.php on line 29
[13-Apr-2026 16:04:37 America/Santiago] PHP Warning:  Undefined array key "groups" in /var/www/html/VILASECA/CMDBPRnew/public/api_topology.php on line 29
[13-Apr-2026 16:04:37 America/Santiago] PHP Warning:  foreach() argument must be of type array|object, null given in /var/www/html/VILASECA/CMDBPRnew/public/api_topology.php on line 29
[13-Apr-2026 16:04:37 America/Santiago] PHP Warning:  Undefined array key "groups" in /var/www/html/VILASECA/CMDBPRnew/public/api_topology.php on line 29
[13-Apr-2026 16:04:37 America/Santiago] PHP Warning:  foreach() argument must be of type array|object, null given in /var/www/html/VILASECA/CMDBPRnew/public/api_topology.php on line 29
[13-Apr-2026 16:04:37 America/Santiago] PHP Warning:  Undefined array key "groups" in /var/www/html/VILASECA/CMDBPRnew/public/api_topology.php on line 29
[13-Apr-2026 16:04:37 America/Santiago] PHP Warning:  foreach() argument must be of type array|object, null given in /var/www/html/VILASECA/CMDBPRnew/public/api_topology.php on line 29
[13-Apr-2026 16:04:37 America/Santiago] PHP Warning:  Undefined array key "groups" in /var/www/html/VILASECA/CMDBPRnew/public/api_topology.php on line 29
[13-Apr-2026 16:04:37 America/Santiago] PHP Warning:  foreach() argument must be of type array|object, null given in /var/www/html/VILASECA/CMDBPRnew/public/api_topology.php on line 29
[13-Apr-2026 16:04:37 America/Santiago] PHP Warning:  Undefined array key "groups" in /var/www/html/VILASECA/CMDBPRnew/public/api_topology.php on line 29
[13-Apr-2026 16:04:37 America/Santiago] PHP Warning:  foreach() argument must be of type array|object, null given in /var/www/html/VILASECA/CMDBPRnew/public/api_topology.php on line 29
[13-Apr-2026 16:04:37 America/Santiago] PHP Warning:  Undefined array key "groups" in /var/www/html/VILASECA/CMDBPRnew/public/api_topology.php on line 29
[13-Apr-2026 16:04:37 America/Santiago] PHP Warning:  foreach() argument must be of type array|object, null given in /var/www/html/VILASECA/CMDBPRnew/public/api_topology.php on line 29
[13-Apr-2026 16:04:37 America/Santiago] PHP Warning:  Undefined array key "groups" in /var/www/html/VILASECA/CMDBPRnew/public/api_topology.php on line 29
[13-Apr-2026 16:04:37 America/Santiago] PHP Warning:  foreach() argument must be of type array|object, null given in /var/www/html/VILASECA/CMDBPRnew/public/api_topology.php on line 29
[13-Apr-2026 16:04:37 America/Santiago] PHP Warning:  Undefined array key "groups" in /var/www/html/VILASECA/CMDBPRnew/public/api_topology.php on line 29
[13-Apr-2026 16:04:37 America/Santiago] PHP Warning:  foreach() argument must be of type array|object, null given in /var/www/html/VILASECA/CMDBPRnew/public/api_topology.php on line 29
[13-Apr-2026 16:04:37 America/Santiago] PHP Warning:  Undefined array key "groups" in /var/www/html/VILASECA/CMDBPRnew/public/api_topology.php on line 29
[13-Apr-2026 16:04:37 America/Santiago] PHP Warning:  foreach() argument must be of type array|object, null given in /var/www/html/VILASECA/CMDBPRnew/public/api_topology.php on line 29
[13-Apr-2026 16:04:37 America/Santiago] PHP Warning:  Undefined array key "groups" in /var/www/html/VILASECA/CMDBPRnew/public/api_topology.php on line 29
[13-Apr-2026 16:04:37 America/Santiago] PHP Warning:  foreach() argument must be of type array|object, null given in /var/www/html/VILASECA/CMDBPRnew/public/api_topology.php on line 29
[13-Apr-2026 16:04:37 America/Santiago] PHP Warning:  Undefined array key "groups" in /var/www/html/VILASECA/CMDBPRnew/public/api_topology.php on line 29
[13-Apr-2026 16:04:37 America/Santiago] PHP Warning:  foreach() argument must be of type array|object, null given in /var/www/html/VILASECA/CMDBPRnew/public/api_topology.php on line 29
[13-Apr-2026 16:04:37 America/Santiago] PHP Warning:  Undefined array key "groups" in /var/www/html/VILASECA/CMDBPRnew/public/api_topology.php on line 29
[13-Apr-2026 16:04:37 America/Santiago] PHP Warning:  foreach() argument must be of type array|object, null given in /var/www/html/VILASECA/CMDBPRnew/public/api_topology.php on line 29
[13-Apr-2026 16:04:37 America/Santiago] PHP Warning:  Undefined array key "groups" in /var/www/html/VILASECA/CMDBPRnew/public/api_topology.php on line 29
[13-Apr-2026 16:04:37 America/Santiago] PHP Warning:  foreach() argument must be of type array|object, null given in /var/www/html/VILASECA/CMDBPRnew/public/api_topology.php on line 29
[13-Apr-2026 17:00:17 America/Santiago] Acción 'get_cmdb_data_for_zabbix' iniciada. Tablas solicitadas: sheet_equipos
[13-Apr-2026 17:00:18 America/Santiago] Consultando tabla 'sheet_equipos': Se encontraron 155 filas.
[13-Apr-2026 17:00:29 America/Santiago] Acción 'get_cmdb_data_for_zabbix' iniciada. Tablas solicitadas: sheet_equipos
[13-Apr-2026 17:00:29 America/Santiago] Consultando tabla 'sheet_equipos': Se encontraron 155 filas.
[13-Apr-2026 17:00:41 America/Santiago] Acción 'get_cmdb_data_for_zabbix' iniciada. Tablas solicitadas: sheet_equipos
[13-Apr-2026 17:00:41 America/Santiago] Consultando tabla 'sheet_equipos': Se encontraron 155 filas.
[13-Apr-2026 17:00:48 America/Santiago] Acción 'get_cmdb_data_for_zabbix' iniciada. Tablas solicitadas: sheet_firewall
[13-Apr-2026 17:00:48 America/Santiago] Consultando tabla 'sheet_firewall': Se encontraron 35 filas.
[13-Apr-2026 17:00:52 America/Santiago] Acción 'get_cmdb_data_for_zabbix' iniciada. Tablas solicitadas: sheet_equipos
[13-Apr-2026 17:00:52 America/Santiago] Consultando tabla 'sheet_equipos': Se encontraron 155 filas.
[13-Apr-2026 17:01:07 America/Santiago] Uncaught Exception: Cannot access offset of type string on string
[13-Apr-2026 17:01:07 America/Santiago] Uncaught Exception: Cannot access offset of type string on string
[13-Apr-2026 17:01:07 America/Santiago] Acción 'get_cmdb_data_for_zabbix' iniciada. Tablas solicitadas: sheet_equipos
[13-Apr-2026 17:01:07 America/Santiago] Consultando tabla 'sheet_equipos': Se encontraron 155 filas.
[13-Apr-2026 17:01:18 America/Santiago] Uncaught Exception: Cannot access offset of type string on string
[13-Apr-2026 17:01:21 America/Santiago] Acción 'get_cmdb_data_for_zabbix' iniciada. Tablas solicitadas: sheet_equipos
[13-Apr-2026 17:01:21 America/Santiago] Consultando tabla 'sheet_equipos': Se encontraron 155 filas.
[13-Apr-2026 17:02:56 America/Santiago] Acción 'get_cmdb_data_for_zabbix' iniciada. Tablas solicitadas: sheet_equipos
[13-Apr-2026 17:02:56 America/Santiago] Consultando tabla 'sheet_equipos': Se encontraron 155 filas.
[13-Apr-2026 17:03:03 America/Santiago] Acción 'get_cmdb_data_for_zabbix' iniciada. Tablas solicitadas: sheet_equipos
[13-Apr-2026 17:03:03 America/Santiago] Consultando tabla 'sheet_equipos': Se encontraron 155 filas.
[13-Apr-2026 17:03:24 America/Santiago] Acción 'get_cmdb_data_for_zabbix' iniciada. Tablas solicitadas: sheet_equipos
[13-Apr-2026 17:03:24 America/Santiago] Consultando tabla 'sheet_equipos': Se encontraron 155 filas.
[16-Apr-2026 17:50:26 America/Santiago] PHP Warning:  require_once(/var/www/html/VILASECA/CMDBPRnew/public/../src/session.php): Failed to open stream: No such file or directory in /var/www/html/VILASECA/CMDBPRnew/public/snmp_builder.php on line 4
[16-Apr-2026 17:50:26 America/Santiago] PHP Fatal error:  Uncaught Error: Failed opening required '/var/www/html/VILASECA/CMDBPRnew/public/../src/session.php' (include_path='.:/usr/share/php') in /var/www/html/VILASECA/CMDBPRnew/public/snmp_builder.php:4
Stack trace:
#0 {main}
  thrown in /var/www/html/VILASECA/CMDBPRnew/public/snmp_builder.php on line 4
[16-Apr-2026 18:04:30 America/Santiago] PHP Warning:  Undefined array key "value" in /var/www/html/VILASECA/CMDBPRnew/public/snmpbuilder/get_zabbix_hosts.php on line 15
[16-Apr-2026 18:04:30 America/Santiago] PHP Warning:  Undefined array key "value" in /var/www/html/VILASECA/CMDBPRnew/public/snmpbuilder/get_zabbix_hosts.php on line 15
[16-Apr-2026 18:04:30 America/Santiago] PHP Warning:  Undefined array key "value" in /var/www/html/VILASECA/CMDBPRnew/public/snmpbuilder/get_zabbix_hosts.php on line 15
[16-Apr-2026 18:04:30 America/Santiago] PHP Warning:  Undefined array key "value" in /var/www/html/VILASECA/CMDBPRnew/public/snmpbuilder/get_zabbix_hosts.php on line 15
[16-Apr-2026 18:04:30 America/Santiago] PHP Warning:  Undefined array key "value" in /var/www/html/VILASECA/CMDBPRnew/public/snmpbuilder/get_zabbix_hosts.php on line 15
[16-Apr-2026 18:04:30 America/Santiago] PHP Warning:  Undefined array key "value" in /var/www/html/VILASECA/CMDBPRnew/public/snmpbuilder/get_zabbix_hosts.php on line 15
[16-Apr-2026 18:04:30 America/Santiago] PHP Warning:  Undefined array key "value" in /var/www/html/VILASECA/CMDBPRnew/public/snmpbuilder/get_zabbix_hosts.php on line 15
[16-Apr-2026 18:04:30 America/Santiago] PHP Warning:  Undefined array key "value" in /var/www/html/VILASECA/CMDBPRnew/public/snmpbuilder/get_zabbix_hosts.php on line 15
[16-Apr-2026 18:04:30 America/Santiago] PHP Warning:  Undefined array key "value" in /var/www/html/VILASECA/CMDBPRnew/public/snmpbuilder/get_zabbix_hosts.php on line 15
[16-Apr-2026 18:04:30 America/Santiago] PHP Warning:  Undefined array key "value" in /var/www/html/VILASECA/CMDBPRnew/public/snmpbuilder/get_zabbix_hosts.php on line 15
[16-Apr-2026 18:04:30 America/Santiago] PHP Warning:  Undefined array key "value" in /var/www/html/VILASECA/CMDBPRnew/public/snmpbuilder/get_zabbix_hosts.php on line 15
[16-Apr-2026 18:04:30 America/Santiago] PHP Warning:  Undefined array key "value" in /var/www/html/VILASECA/CMDBPRnew/public/snmpbuilder/get_zabbix_hosts.php on line 15
[16-Apr-2026 18:04:30 America/Santiago] PHP Warning:  Undefined array key "value" in /var/www/html/VILASECA/CMDBPRnew/public/snmpbuilder/get_zabbix_hosts.php on line 15
[16-Apr-2026 18:04:30 America/Santiago] PHP Warning:  Undefined array key "value" in /var/www/html/VILASECA/CMDBPRnew/public/snmpbuilder/get_zabbix_hosts.php on line 15
[16-Apr-2026 18:04:30 America/Santiago] PHP Warning:  Undefined array key "value" in /var/www/html/VILASECA/CMDBPRnew/public/snmpbuilder/get_zabbix_hosts.php on line 15
[16-Apr-2026 18:04:30 America/Santiago] PHP Warning:  Undefined array key "value" in /var/www/html/VILASECA/CMDBPRnew/public/snmpbuilder/get_zabbix_hosts.php on line 15
[16-Apr-2026 18:04:30 America/Santiago] PHP Warning:  Undefined array key "value" in /var/www/html/VILASECA/CMDBPRnew/public/snmpbuilder/get_zabbix_hosts.php on line 15
[16-Apr-2026 18:04:30 America/Santiago] PHP Warning:  Undefined array key "value" in /var/www/html/VILASECA/CMDBPRnew/public/snmpbuilder/get_zabbix_hosts.php on line 15
[16-Apr-2026 18:04:30 America/Santiago] PHP Warning:  Undefined array key "value" in /var/www/html/VILASECA/CMDBPRnew/public/snmpbuilder/get_zabbix_hosts.php on line 15
[16-Apr-2026 18:04:30 America/Santiago] PHP Warning:  Undefined array key "value" in /var/www/html/VILASECA/CMDBPRnew/public/snmpbuilder/get_zabbix_hosts.php on line 15
[16-Apr-2026 18:04:30 America/Santiago] PHP Warning:  Undefined array key "value" in /var/www/html/VILASECA/CMDBPRnew/public/snmpbuilder/get_zabbix_hosts.php on line 15
[16-Apr-2026 18:04:30 America/Santiago] PHP Warning:  Undefined array key "value" in /var/www/html/VILASECA/CMDBPRnew/public/snmpbuilder/get_zabbix_hosts.php on line 15
[16-Apr-2026 18:04:30 America/Santiago] PHP Warning:  Undefined array key "value" in /var/www/html/VILASECA/CMDBPRnew/public/snmpbuilder/get_zabbix_hosts.php on line 15
[16-Apr-2026 18:04:30 America/Santiago] PHP Warning:  Undefined array key "value" in /var/www/html/VILASECA/CMDBPRnew/public/snmpbuilder/get_zabbix_hosts.php on line 15
[16-Apr-2026 18:04:30 America/Santiago] PHP Warning:  Undefined array key "value" in /var/www/html/VILASECA/CMDBPRnew/public/snmpbuilder/get_zabbix_hosts.php on line 15
[16-Apr-2026 18:04:30 America/Santiago] PHP Warning:  Undefined array key "value" in /var/www/html/VILASECA/CMDBPRnew/public/snmpbuilder/get_zabbix_hosts.php on line 15
[16-Apr-2026 18:04:30 America/Santiago] PHP Warning:  Undefined array key "value" in /var/www/html/VILASECA/CMDBPRnew/public/snmpbuilder/get_zabbix_hosts.php on line 15
[16-Apr-2026 18:04:30 America/Santiago] PHP Warning:  Undefined array key "value" in /var/www/html/VILASECA/CMDBPRnew/public/snmpbuilder/get_zabbix_hosts.php on line 15
[16-Apr-2026 18:04:30 America/Santiago] PHP Warning:  Undefined array key "value" in /var/www/html/VILASECA/CMDBPRnew/public/snmpbuilder/get_zabbix_hosts.php on line 15
[16-Apr-2026 18:04:30 America/Santiago] PHP Warning:  Undefined array key "value" in /var/www/html/VILASECA/CMDBPRnew/public/snmpbuilder/get_zabbix_hosts.php on line 15
[16-Apr-2026 18:04:30 America/Santiago] PHP Warning:  Undefined array key "value" in /var/www/html/VILASECA/CMDBPRnew/public/snmpbuilder/get_zabbix_hosts.php on line 15
[16-Apr-2026 18:04:30 America/Santiago] PHP Warning:  Undefined array key "value" in /var/www/html/VILASECA/CMDBPRnew/public/snmpbuilder/get_zabbix_hosts.php on line 15
[16-Apr-2026 18:04:30 America/Santiago] PHP Warning:  Undefined array key "value" in /var/www/html/VILASECA/CMDBPRnew/public/snmpbuilder/get_zabbix_hosts.php on line 15
[16-Apr-2026 18:04:30 America/Santiago] PHP Warning:  Undefined array key "value" in /var/www/html/VILASECA/CMDBPRnew/public/snmpbuilder/get_zabbix_hosts.php on line 15
[16-Apr-2026 18:04:30 America/Santiago] PHP Warning:  Undefined array key "value" in /var/www/html/VILASECA/CMDBPRnew/public/snmpbuilder/get_zabbix_hosts.php on line 15
[16-Apr-2026 18:04:30 America/Santiago] PHP Warning:  Undefined array key "value" in /var/www/html/VILASECA/CMDBPRnew/public/snmpbuilder/get_zabbix_hosts.php on line 15
[16-Apr-2026 18:04:30 America/Santiago] PHP Warning:  Undefined array key "value" in /var/www/html/VILASECA/CMDBPRnew/public/snmpbuilder/get_zabbix_hosts.php on line 15
[16-Apr-2026 18:04:30 America/Santiago] PHP Warning:  Undefined array key "value" in /var/www/html/VILASECA/CMDBPRnew/public/snmpbuilder/get_zabbix_hosts.php on line 15
[16-Apr-2026 18:04:30 America/Santiago] PHP Warning:  Undefined array key "value" in /var/www/html/VILASECA/CMDBPRnew/public/snmpbuilder/get_zabbix_hosts.php on line 15
[16-Apr-2026 18:04:30 America/Santiago] PHP Warning:  Undefined array key "value" in /var/www/html/VILASECA/CMDBPRnew/public/snmpbuilder/get_zabbix_hosts.php on line 15
[16-Apr-2026 18:04:30 America/Santiago] PHP Warning:  Undefined array key "value" in /var/www/html/VILASECA/CMDBPRnew/public/snmpbuilder/get_zabbix_hosts.php on line 15
[16-Apr-2026 18:04:30 America/Santiago] PHP Warning:  Undefined array key "value" in /var/www/html/VILASECA/CMDBPRnew/public/snmpbuilder/get_zabbix_hosts.php on line 15
[16-Apr-2026 18:04:30 America/Santiago] PHP Warning:  Undefined array key "value" in /var/www/html/VILASECA/CMDBPRnew/public/snmpbuilder/get_zabbix_hosts.php on line 15
[16-Apr-2026 18:04:30 America/Santiago] PHP Warning:  Undefined array key "value" in /var/www/html/VILASECA/CMDBPRnew/public/snmpbuilder/get_zabbix_hosts.php on line 15
[16-Apr-2026 18:04:30 America/Santiago] PHP Warning:  Undefined array key "value" in /var/www/html/VILASECA/CMDBPRnew/public/snmpbuilder/get_zabbix_hosts.php on line 15
[16-Apr-2026 18:04:30 America/Santiago] PHP Warning:  Undefined array key "value" in /var/www/html/VILASECA/CMDBPRnew/public/snmpbuilder/get_zabbix_hosts.php on line 50
[16-Apr-2026 18:04:39 America/Santiago] PHP Warning:  Undefined array key "value" in /var/www/html/VILASECA/CMDBPRnew/public/snmpbuilder/get_zabbix_hosts.php on line 15
[16-Apr-2026 18:04:39 America/Santiago] PHP Warning:  Undefined array key "value" in /var/www/html/VILASECA/CMDBPRnew/public/snmpbuilder/get_zabbix_hosts.php on line 15
[16-Apr-2026 18:04:39 America/Santiago] PHP Warning:  Undefined array key "value" in /var/www/html/VILASECA/CMDBPRnew/public/snmpbuilder/get_zabbix_hosts.php on line 15
[16-Apr-2026 18:04:39 America/Santiago] PHP Warning:  Undefined array key "value" in /var/www/html/VILASECA/CMDBPRnew/public/snmpbuilder/get_zabbix_hosts.php on line 15
[16-Apr-2026 18:04:39 America/Santiago] PHP Warning:  Undefined array key "value" in /var/www/html/VILASECA/CMDBPRnew/public/snmpbuilder/get_zabbix_hosts.php on line 15
[16-Apr-2026 18:04:39 America/Santiago] PHP Warning:  Undefined array key "value" in /var/www/html/VILASECA/CMDBPRnew/public/snmpbuilder/get_zabbix_hosts.php on line 15
[16-Apr-2026 18:04:39 America/Santiago] PHP Warning:  Undefined array key "value" in /var/www/html/VILASECA/CMDBPRnew/public/snmpbuilder/get_zabbix_hosts.php on line 15
[16-Apr-2026 18:04:39 America/Santiago] PHP Warning:  Undefined array key "value" in /var/www/html/VILASECA/CMDBPRnew/public/snmpbuilder/get_zabbix_hosts.php on line 15
[16-Apr-2026 18:04:39 America/Santiago] PHP Warning:  Undefined array key "value" in /var/www/html/VILASECA/CMDBPRnew/public/snmpbuilder/get_zabbix_hosts.php on line 15
[16-Apr-2026 18:04:39 America/Santiago] PHP Warning:  Undefined array key "value" in /var/www/html/VILASECA/CMDBPRnew/public/snmpbuilder/get_zabbix_hosts.php on line 15
[16-Apr-2026 18:04:39 America/Santiago] PHP Warning:  Undefined array key "value" in /var/www/html/VILASECA/CMDBPRnew/public/snmpbuilder/get_zabbix_hosts.php on line 15
[16-Apr-2026 18:04:39 America/Santiago] PHP Warning:  Undefined array key "value" in /var/www/html/VILASECA/CMDBPRnew/public/snmpbuilder/get_zabbix_hosts.php on line 15
[16-Apr-2026 18:04:39 America/Santiago] PHP Warning:  Undefined array key "value" in /var/www/html/VILASECA/CMDBPRnew/public/snmpbuilder/get_zabbix_hosts.php on line 15
[16-Apr-2026 18:04:39 America/Santiago] PHP Warning:  Undefined array key "value" in /var/www/html/VILASECA/CMDBPRnew/public/snmpbuilder/get_zabbix_hosts.php on line 15
[16-Apr-2026 18:04:39 America/Santiago] PHP Warning:  Undefined array key "value" in /var/www/html/VILASECA/CMDBPRnew/public/snmpbuilder/get_zabbix_hosts.php on line 15
[16-Apr-2026 18:04:39 America/Santiago] PHP Warning:  Undefined array key "value" in /var/www/html/VILASECA/CMDBPRnew/public/snmpbuilder/get_zabbix_hosts.php on line 15
[16-Apr-2026 18:04:39 America/Santiago] PHP Warning:  Undefined array key "value" in /var/www/html/VILASECA/CMDBPRnew/public/snmpbuilder/get_zabbix_hosts.php on line 15
[16-Apr-2026 18:04:39 America/Santiago] PHP Warning:  Undefined array key "value" in /var/www/html/VILASECA/CMDBPRnew/public/snmpbuilder/get_zabbix_hosts.php on line 15
[16-Apr-2026 18:04:39 America/Santiago] PHP Warning:  Undefined array key "value" in /var/www/html/VILASECA/CMDBPRnew/public/snmpbuilder/get_zabbix_hosts.php on line 15
[16-Apr-2026 18:04:39 America/Santiago] PHP Warning:  Undefined array key "value" in /var/www/html/VILASECA/CMDBPRnew/public/snmpbuilder/get_zabbix_hosts.php on line 15
[16-Apr-2026 18:04:39 America/Santiago] PHP Warning:  Undefined array key "value" in /var/www/html/VILASECA/CMDBPRnew/public/snmpbuilder/get_zabbix_hosts.php on line 15
[16-Apr-2026 18:04:39 America/Santiago] PHP Warning:  Undefined array key "value" in /var/www/html/VILASECA/CMDBPRnew/public/snmpbuilder/get_zabbix_hosts.php on line 15
[16-Apr-2026 18:04:39 America/Santiago] PHP Warning:  Undefined array key "value" in /var/www/html/VILASECA/CMDBPRnew/public/snmpbuilder/get_zabbix_hosts.php on line 15
[16-Apr-2026 18:04:39 America/Santiago] PHP Warning:  Undefined array key "value" in /var/www/html/VILASECA/CMDBPRnew/public/snmpbuilder/get_zabbix_hosts.php on line 15
[16-Apr-2026 18:04:39 America/Santiago] PHP Warning:  Undefined array key "value" in /var/www/html/VILASECA/CMDBPRnew/public/snmpbuilder/get_zabbix_hosts.php on line 15
[16-Apr-2026 18:04:39 America/Santiago] PHP Warning:  Undefined array key "value" in /var/www/html/VILASECA/CMDBPRnew/public/snmpbuilder/get_zabbix_hosts.php on line 15
[16-Apr-2026 18:04:39 America/Santiago] PHP Warning:  Undefined array key "value" in /var/www/html/VILASECA/CMDBPRnew/public/snmpbuilder/get_zabbix_hosts.php on line 15
[16-Apr-2026 18:04:39 America/Santiago] PHP Warning:  Undefined array key "value" in /var/www/html/VILASECA/CMDBPRnew/public/snmpbuilder/get_zabbix_hosts.php on line 15
[16-Apr-2026 18:04:39 America/Santiago] PHP Warning:  Undefined array key "value" in /var/www/html/VILASECA/CMDBPRnew/public/snmpbuilder/get_zabbix_hosts.php on line 15
[16-Apr-2026 18:04:39 America/Santiago] PHP Warning:  Undefined array key "value" in /var/www/html/VILASECA/CMDBPRnew/public/snmpbuilder/get_zabbix_hosts.php on line 15
[16-Apr-2026 18:04:39 America/Santiago] PHP Warning:  Undefined array key "value" in /var/www/html/VILASECA/CMDBPRnew/public/snmpbuilder/get_zabbix_hosts.php on line 15
[16-Apr-2026 18:04:39 America/Santiago] PHP Warning:  Undefined array key "value" in /var/www/html/VILASECA/CMDBPRnew/public/snmpbuilder/get_zabbix_hosts.php on line 15
[16-Apr-2026 18:04:39 America/Santiago] PHP Warning:  Undefined array key "value" in /var/www/html/VILASECA/CMDBPRnew/public/snmpbuilder/get_zabbix_hosts.php on line 15
[16-Apr-2026 18:04:39 America/Santiago] PHP Warning:  Undefined array key "value" in /var/www/html/VILASECA/CMDBPRnew/public/snmpbuilder/get_zabbix_hosts.php on line 15
[16-Apr-2026 18:04:39 America/Santiago] PHP Warning:  Undefined array key "value" in /var/www/html/VILASECA/CMDBPRnew/public/snmpbuilder/get_zabbix_hosts.php on line 15
[16-Apr-2026 18:04:39 America/Santiago] PHP Warning:  Undefined array key "value" in /var/www/html/VILASECA/CMDBPRnew/public/snmpbuilder/get_zabbix_hosts.php on line 15
[16-Apr-2026 18:04:39 America/Santiago] PHP Warning:  Undefined array key "value" in /var/www/html/VILASECA/CMDBPRnew/public/snmpbuilder/get_zabbix_hosts.php on line 15
[16-Apr-2026 18:04:39 America/Santiago] PHP Warning:  Undefined array key "value" in /var/www/html/VILASECA/CMDBPRnew/public/snmpbuilder/get_zabbix_hosts.php on line 15
[16-Apr-2026 18:04:39 America/Santiago] PHP Warning:  Undefined array key "value" in /var/www/html/VILASECA/CMDBPRnew/public/snmpbuilder/get_zabbix_hosts.php on line 15
[16-Apr-2026 18:04:39 America/Santiago] PHP Warning:  Undefined array key "value" in /var/www/html/VILASECA/CMDBPRnew/public/snmpbuilder/get_zabbix_hosts.php on line 15
[16-Apr-2026 18:04:39 America/Santiago] PHP Warning:  Undefined array key "value" in /var/www/html/VILASECA/CMDBPRnew/public/snmpbuilder/get_zabbix_hosts.php on line 15
[16-Apr-2026 18:04:39 America/Santiago] PHP Warning:  Undefined array key "value" in /var/www/html/VILASECA/CMDBPRnew/public/snmpbuilder/get_zabbix_hosts.php on line 15
[16-Apr-2026 18:04:39 America/Santiago] PHP Warning:  Undefined array key "value" in /var/www/html/VILASECA/CMDBPRnew/public/snmpbuilder/get_zabbix_hosts.php on line 15
[16-Apr-2026 18:04:39 America/Santiago] PHP Warning:  Undefined array key "value" in /var/www/html/VILASECA/CMDBPRnew/public/snmpbuilder/get_zabbix_hosts.php on line 15
[16-Apr-2026 18:04:39 America/Santiago] PHP Warning:  Undefined array key "value" in /var/www/html/VILASECA/CMDBPRnew/public/snmpbuilder/get_zabbix_hosts.php on line 15
[16-Apr-2026 18:04:39 America/Santiago] PHP Warning:  Undefined array key "value" in /var/www/html/VILASECA/CMDBPRnew/public/snmpbuilder/get_zabbix_hosts.php on line 50
[16-Apr-2026 18:05:56 America/Santiago] PHP Warning:  Undefined array key "value" in /var/www/html/VILASECA/CMDBPRnew/public/snmpbuilder/get_zabbix_hosts.php on line 50
[16-Apr-2026 18:06:21 America/Santiago] PHP Warning:  Undefined array key "value" in /var/www/html/VILASECA/CMDBPRnew/public/snmpbuilder/get_zabbix_hosts.php on line 50
[16-Apr-2026 18:07:41 America/Santiago] PHP Warning:  Undefined array key "value" in /var/www/html/VILASECA/CMDBPRnew/public/snmpbuilder/get_zabbix_hosts.php on line 42
[16-Apr-2026 18:07:56 America/Santiago] PHP Warning:  Undefined array key "value" in /var/www/html/VILASECA/CMDBPRnew/public/snmpbuilder/get_zabbix_hosts.php on line 42
[17-Apr-2026 16:17:01 UTC] PHP Warning:  session_start(): Session ID is too long or contains illegal characters. Only the A-Z, a-z, 0-9, &quot;-&quot;, and &quot;,&quot; characters are allowed in /var/www/html/VILASECA/CMDBPRnew/config.php on line 85
[17-Apr-2026 16:17:01 UTC] PHP Warning:  session_start(): Failed to read session data: files (path: /var/lib/php/sessions) in /var/www/html/VILASECA/CMDBPRnew/config.php on line 85
[17-Apr-2026 12:17:01 America/Santiago] PHP Warning:  session_start(): Session ID is too long or contains illegal characters. Only the A-Z, a-z, 0-9, &quot;-&quot;, and &quot;,&quot; characters are allowed in /var/www/html/VILASECA/CMDBPRnew/src/auth.php on line 7
[17-Apr-2026 12:17:01 America/Santiago] PHP Warning:  session_start(): Failed to read session data: files (path: /var/lib/php/sessions) in /var/www/html/VILASECA/CMDBPRnew/src/auth.php on line 7
[17-Apr-2026 16:17:01 UTC] PHP Warning:  session_start(): Session ID is too long or contains illegal characters. Only the A-Z, a-z, 0-9, &quot;-&quot;, and &quot;,&quot; characters are allowed in /var/www/html/VILASECA/CMDBPRnew/config.php on line 85
[17-Apr-2026 16:17:01 UTC] PHP Warning:  session_start(): Failed to read session data: files (path: /var/lib/php/sessions) in /var/www/html/VILASECA/CMDBPRnew/config.php on line 85
[17-Apr-2026 12:17:01 America/Santiago] PHP Warning:  session_start(): Session ID is too long or contains illegal characters. Only the A-Z, a-z, 0-9, &quot;-&quot;, and &quot;,&quot; characters are allowed in /var/www/html/VILASECA/CMDBPRnew/src/auth.php on line 7
[17-Apr-2026 12:17:01 America/Santiago] PHP Warning:  session_start(): Failed to read session data: files (path: /var/lib/php/sessions) in /var/www/html/VILASECA/CMDBPRnew/src/auth.php on line 7
[17-Apr-2026 12:17:01 America/Santiago] PHP Warning:  session_start(): Session ID is too long or contains illegal characters. Only the A-Z, a-z, 0-9, &quot;-&quot;, and &quot;,&quot; characters are allowed in /var/www/html/VILASECA/CMDBPRnew/public/login.php on line 6
[17-Apr-2026 12:17:01 America/Santiago] PHP Warning:  session_start(): Failed to read session data: files (path: /var/lib/php/sessions) in /var/www/html/VILASECA/CMDBPRnew/public/login.php on line 6
[17-Apr-2026 12:47:58 America/Santiago] PHP Fatal error:  Uncaught Error: Undefined constant PDO::ATTR_ERR_MODE in /var/www/html/VILASECA/CMDBPRnew/audit_system.php:106
Stack trace:
#0 {main}
  thrown in /var/www/html/VILASECA/CMDBPRnew/audit_system.php on line 106
[17-Apr-2026 17:16:33 UTC] PHP Warning:  session_start(): Session data file is not created by your uid in /var/www/html/VILASECA/CMDBPRnew/config.php on line 85
[17-Apr-2026 17:16:33 UTC] PHP Warning:  session_start(): Failed to read session data: files (path: /var/www/html/VILASECA/CMDBPRnew/storage/sessions) in /var/www/html/VILASECA/CMDBPRnew/config.php on line 85
[17-Apr-2026 13:16:33 America/Santiago] PHP Warning:  session_start(): Session data file is not created by your uid in /var/www/html/VILASECA/CMDBPRnew/src/auth.php on line 7
[17-Apr-2026 13:16:33 America/Santiago] PHP Warning:  session_start(): Failed to read session data: files (path: /var/www/html/VILASECA/CMDBPRnew/storage/sessions) in /var/www/html/VILASECA/CMDBPRnew/src/auth.php on line 7
[17-Apr-2026 17:16:33 UTC] PHP Warning:  session_start(): Session data file is not created by your uid in /var/www/html/VILASECA/CMDBPRnew/config.php on line 85
[17-Apr-2026 17:16:33 UTC] PHP Warning:  session_start(): Failed to read session data: files (path: /var/www/html/VILASECA/CMDBPRnew/storage/sessions) in /var/www/html/VILASECA/CMDBPRnew/config.php on line 85
[17-Apr-2026 13:16:33 America/Santiago] PHP Warning:  session_start(): Session data file is not created by your uid in /var/www/html/VILASECA/CMDBPRnew/src/auth.php on line 7
[17-Apr-2026 13:16:33 America/Santiago] PHP Warning:  session_start(): Failed to read session data: files (path: /var/www/html/VILASECA/CMDBPRnew/storage/sessions) in /var/www/html/VILASECA/CMDBPRnew/src/auth.php on line 7
[17-Apr-2026 13:16:33 America/Santiago] PHP Warning:  session_start(): Session data file is not created by your uid in /var/www/html/VILASECA/CMDBPRnew/public/login.php on line 6
[17-Apr-2026 13:16:33 America/Santiago] PHP Warning:  session_start(): Failed to read session data: files (path: /var/www/html/VILASECA/CMDBPRnew/storage/sessions) in /var/www/html/VILASECA/CMDBPRnew/public/login.php on line 6
[17-Apr-2026 17:16:43 UTC] PHP Warning:  session_start(): Session data file is not created by your uid in /var/www/html/VILASECA/CMDBPRnew/config.php on line 85
[17-Apr-2026 17:16:43 UTC] PHP Warning:  session_start(): Failed to read session data: files (path: /var/www/html/VILASECA/CMDBPRnew/storage/sessions) in /var/www/html/VILASECA/CMDBPRnew/config.php on line 85
[17-Apr-2026 13:16:43 America/Santiago] PHP Warning:  session_start(): Session data file is not created by your uid in /var/www/html/VILASECA/CMDBPRnew/src/auth.php on line 7
[17-Apr-2026 13:16:43 America/Santiago] PHP Warning:  session_start(): Failed to read session data: files (path: /var/www/html/VILASECA/CMDBPRnew/storage/sessions) in /var/www/html/VILASECA/CMDBPRnew/src/auth.php on line 7
[17-Apr-2026 13:16:43 America/Santiago] PHP Warning:  session_start(): Session data file is not created by your uid in /var/www/html/VILASECA/CMDBPRnew/public/login.php on line 6
[17-Apr-2026 13:16:43 America/Santiago] PHP Warning:  session_start(): Failed to read session data: files (path: /var/www/html/VILASECA/CMDBPRnew/storage/sessions) in /var/www/html/VILASECA/CMDBPRnew/public/login.php on line 6
[17-Apr-2026 17:16:48 UTC] PHP Warning:  session_start(): Session data file is not created by your uid in /var/www/html/VILASECA/CMDBPRnew/config.php on line 85
[17-Apr-2026 17:16:48 UTC] PHP Warning:  session_start(): Failed to read session data: files (path: /var/www/html/VILASECA/CMDBPRnew/storage/sessions) in /var/www/html/VILASECA/CMDBPRnew/config.php on line 85
[17-Apr-2026 13:16:48 America/Santiago] PHP Warning:  session_start(): Session data file is not created by your uid in /var/www/html/VILASECA/CMDBPRnew/src/auth.php on line 7
[17-Apr-2026 13:16:48 America/Santiago] PHP Warning:  session_start(): Failed to read session data: files (path: /var/www/html/VILASECA/CMDBPRnew/storage/sessions) in /var/www/html/VILASECA/CMDBPRnew/src/auth.php on line 7
[17-Apr-2026 13:16:48 America/Santiago] PHP Warning:  session_start(): Session data file is not created by your uid in /var/www/html/VILASECA/CMDBPRnew/public/login.php on line 6
[17-Apr-2026 13:16:48 America/Santiago] PHP Warning:  session_start(): Failed to read session data: files (path: /var/www/html/VILASECA/CMDBPRnew/storage/sessions) in /var/www/html/VILASECA/CMDBPRnew/public/login.php on line 6
[17-Apr-2026 17:16:48 UTC] PHP Warning:  session_start(): Session data file is not created by your uid in /var/www/html/VILASECA/CMDBPRnew/config.php on line 85
[17-Apr-2026 17:16:48 UTC] PHP Warning:  session_start(): Failed to read session data: files (path: /var/www/html/VILASECA/CMDBPRnew/storage/sessions) in /var/www/html/VILASECA/CMDBPRnew/config.php on line 85
[17-Apr-2026 13:16:48 America/Santiago] PHP Warning:  session_start(): Session data file is not created by your uid in /var/www/html/VILASECA/CMDBPRnew/src/auth.php on line 7
[17-Apr-2026 13:16:48 America/Santiago] PHP Warning:  session_start(): Failed to read session data: files (path: /var/www/html/VILASECA/CMDBPRnew/storage/sessions) in /var/www/html/VILASECA/CMDBPRnew/src/auth.php on line 7
[17-Apr-2026 17:16:48 UTC] PHP Warning:  session_start(): Session data file is not created by your uid in /var/www/html/VILASECA/CMDBPRnew/config.php on line 85
[17-Apr-2026 17:16:48 UTC] PHP Warning:  session_start(): Failed to read session data: files (path: /var/www/html/VILASECA/CMDBPRnew/storage/sessions) in /var/www/html/VILASECA/CMDBPRnew/config.php on line 85
[17-Apr-2026 13:16:48 America/Santiago] PHP Warning:  session_start(): Session data file is not created by your uid in /var/www/html/VILASECA/CMDBPRnew/src/auth.php on line 7
[17-Apr-2026 13:16:48 America/Santiago] PHP Warning:  session_start(): Failed to read session data: files (path: /var/www/html/VILASECA/CMDBPRnew/storage/sessions) in /var/www/html/VILASECA/CMDBPRnew/src/auth.php on line 7
[17-Apr-2026 13:16:48 America/Santiago] PHP Warning:  session_start(): Session data file is not created by your uid in /var/www/html/VILASECA/CMDBPRnew/public/login.php on line 6
[17-Apr-2026 13:16:48 America/Santiago] PHP Warning:  session_start(): Failed to read session data: files (path: /var/www/html/VILASECA/CMDBPRnew/storage/sessions) in /var/www/html/VILASECA/CMDBPRnew/public/login.php on line 6
[17-Apr-2026 17:17:18 UTC] PHP Warning:  session_start(): Session data file is not created by your uid in /var/www/html/VILASECA/CMDBPRnew/config.php on line 85
[17-Apr-2026 17:17:18 UTC] PHP Warning:  session_start(): Failed to read session data: files (path: /var/www/html/VILASECA/CMDBPRnew/storage/sessions) in /var/www/html/VILASECA/CMDBPRnew/config.php on line 85
[17-Apr-2026 13:17:18 America/Santiago] PHP Warning:  session_start(): Session data file is not created by your uid in /var/www/html/VILASECA/CMDBPRnew/src/auth.php on line 7
[17-Apr-2026 13:17:18 America/Santiago] PHP Warning:  session_start(): Failed to read session data: files (path: /var/www/html/VILASECA/CMDBPRnew/storage/sessions) in /var/www/html/VILASECA/CMDBPRnew/src/auth.php on line 7
[17-Apr-2026 13:17:18 America/Santiago] PHP Warning:  session_start(): Session data file is not created by your uid in /var/www/html/VILASECA/CMDBPRnew/public/login.php on line 6
[17-Apr-2026 13:17:18 America/Santiago] PHP Warning:  session_start(): Failed to read session data: files (path: /var/www/html/VILASECA/CMDBPRnew/storage/sessions) in /var/www/html/VILASECA/CMDBPRnew/public/login.php on line 6
[17-Apr-2026 17:28:43 America/Santiago] PHP Fatal error:  Uncaught Error: Call to undefined function is_logged_in() in /var/www/html/VILASECA/CMDBPRnew/public/api_zabbix.php:9
Stack trace:
#0 {main}
  thrown in /var/www/html/VILASECA/CMDBPRnew/public/api_zabbix.php on line 9
[17-Apr-2026 17:28:43 America/Santiago] PHP Fatal error:  Uncaught Error: Call to undefined function is_logged_in() in /var/www/html/VILASECA/CMDBPRnew/public/api_zabbix.php:9
Stack trace:
#0 {main}
  thrown in /var/www/html/VILASECA/CMDBPRnew/public/api_zabbix.php on line 9
[17-Apr-2026 17:28:43 America/Santiago] PHP Fatal error:  Uncaught Error: Call to undefined function is_logged_in() in /var/www/html/VILASECA/CMDBPRnew/public/api_zabbix.php:9
Stack trace:
#0 {main}
  thrown in /var/www/html/VILASECA/CMDBPRnew/public/api_zabbix.php on line 9
[17-Apr-2026 17:28:43 America/Santiago] PHP Fatal error:  Uncaught Error: Call to undefined function is_logged_in() in /var/www/html/VILASECA/CMDBPRnew/public/api_zabbix.php:9
Stack trace:
#0 {main}
  thrown in /var/www/html/VILASECA/CMDBPRnew/public/api_zabbix.php on line 9
[17-Apr-2026 17:30:10 America/Santiago] PHP Warning:  Undefined variable $pdo in /var/www/html/VILASECA/CMDBPRnew/public/api_zabbix.php on line 18
[17-Apr-2026 17:30:10 America/Santiago] PHP Fatal error:  Uncaught Error: Call to a member function query() on null in /var/www/html/VILASECA/CMDBPRnew/public/api_zabbix.php:18
Stack trace:
#0 {main}
  thrown in /var/www/html/VILASECA/CMDBPRnew/public/api_zabbix.php on line 18
[17-Apr-2026 17:30:34 America/Santiago] PHP Warning:  Undefined variable $pdo in /var/www/html/VILASECA/CMDBPRnew/public/api_zabbix.php on line 18
[17-Apr-2026 17:30:34 America/Santiago] PHP Fatal error:  Uncaught Error: Call to a member function query() on null in /var/www/html/VILASECA/CMDBPRnew/public/api_zabbix.php:18
Stack trace:
#0 {main}
  thrown in /var/www/html/VILASECA/CMDBPRnew/public/api_zabbix.php on line 18
[17-Apr-2026 17:31:29 America/Santiago] PHP Warning:  Undefined variable $pdo in /var/www/html/VILASECA/CMDBPRnew/public/api_zabbix.php on line 18
[17-Apr-2026 17:31:29 America/Santiago] PHP Fatal error:  Uncaught Error: Call to a member function query() on null in /var/www/html/VILASECA/CMDBPRnew/public/api_zabbix.php:18
Stack trace:
#0 {main}
  thrown in /var/www/html/VILASECA/CMDBPRnew/public/api_zabbix.php on line 18
[17-Apr-2026 17:40:26 America/Santiago] PHP Warning:  Undefined variable $pdo in /var/www/html/VILASECA/CMDBPRnew/public/api_zabbix.php on line 18
[17-Apr-2026 17:40:26 America/Santiago] PHP Fatal error:  Uncaught Error: Call to a member function query() on null in /var/www/html/VILASECA/CMDBPRnew/public/api_zabbix.php:18
Stack trace:
#0 {main}
  thrown in /var/www/html/VILASECA/CMDBPRnew/public/api_zabbix.php on line 18
[17-Apr-2026 18:05:36 America/Santiago] Iniciando guardado de configuración Zabbix...
[17-Apr-2026 18:05:36 America/Santiago] Tablas deshabilitadas temporalmente.
[17-Apr-2026 18:05:36 America/Santiago] Tabla habilitada: sheet_ap
[17-Apr-2026 18:05:36 America/Santiago] Tabla habilitada: sheet_equipos
[17-Apr-2026 18:05:36 America/Santiago] Tabla habilitada: sheet_firewall
[17-Apr-2026 18:05:36 America/Santiago] Tabla habilitada: sheet_servers_virtuales
[17-Apr-2026 18:05:36 America/Santiago] Tabla habilitada: sheet_ups
[17-Apr-2026 18:05:36 America/Santiago] Actualizando Zabbix API Config: URL=http://172.32.1.50/zabbix/api_jsonrpc.php
[17-Apr-2026 18:05:36 America/Santiago] Transacción de configuración completada con éxito.
[17-Apr-2026 18:05:47 America/Santiago] Iniciando guardado de configuración Zabbix...
[17-Apr-2026 18:05:47 America/Santiago] Tablas deshabilitadas temporalmente.
[17-Apr-2026 18:05:47 America/Santiago] Tabla habilitada: sheet_ap
[17-Apr-2026 18:05:47 America/Santiago] Tabla habilitada: sheet_equipos
[17-Apr-2026 18:05:47 America/Santiago] Tabla habilitada: sheet_firewall
[17-Apr-2026 18:05:47 America/Santiago] Tabla habilitada: sheet_servers_virtuales
[17-Apr-2026 18:05:47 America/Santiago] Tabla habilitada: sheet_ups
[17-Apr-2026 18:05:47 America/Santiago] Actualizando Zabbix API Config: URL=http://172.32.1.50/zabbix/api_jsonrpc.php
[17-Apr-2026 18:05:47 America/Santiago] Transacción de configuración completada con éxito.
[17-Apr-2026 18:10:51 America/Santiago] Acción 'get_cmdb_data_for_zabbix' iniciada. Tablas solicitadas: sheet_equipos
[17-Apr-2026 18:10:51 America/Santiago] Consultando tabla 'sheet_equipos': Se encontraron 155 filas.
[23-Apr-2026 11:46:12 America/Santiago] PHP Warning:  Undefined variable $viewtype in /var/www/html/VILASECA/CMDBPRnew/public/snmpbuilder/value_oid.php on line 56
[23-Apr-2026 11:46:27 America/Santiago] PHP Warning:  Undefined variable $viewtype in /var/www/html/VILASECA/CMDBPRnew/public/snmpbuilder/value_oid.php on line 56
[23-Apr-2026 11:46:42 America/Santiago] PHP Warning:  Undefined variable $viewtype in /var/www/html/VILASECA/CMDBPRnew/public/snmpbuilder/value_oid.php on line 56
[23-Apr-2026 11:46:43 America/Santiago] PHP Warning:  Undefined variable $viewtype in /var/www/html/VILASECA/CMDBPRnew/public/snmpbuilder/value_oid.php on line 56
[23-Apr-2026 11:46:43 America/Santiago] PHP Warning:  Undefined variable $viewtype in /var/www/html/VILASECA/CMDBPRnew/public/snmpbuilder/value_oid.php on line 56
[23-Apr-2026 11:46:45 America/Santiago] PHP Warning:  Undefined variable $viewtype in /var/www/html/VILASECA/CMDBPRnew/public/snmpbuilder/value_oid.php on line 56
[23-Apr-2026 11:46:46 America/Santiago] PHP Warning:  Undefined variable $viewtype in /var/www/html/VILASECA/CMDBPRnew/public/snmpbuilder/value_oid.php on line 56
[23-Apr-2026 11:47:01 America/Santiago] PHP Warning:  Undefined variable $viewtype in /var/www/html/VILASECA/CMDBPRnew/public/snmpbuilder/value_oid.php on line 56
[24-Apr-2026 13:19:47 America/Santiago] PHP Warning:  Undefined array key "groups" in /var/www/html/VILASECA/CMDBPRnew/public/api_costs.php on line 114
[24-Apr-2026 13:19:47 America/Santiago] PHP Warning:  foreach() argument must be of type array|object, null given in /var/www/html/VILASECA/CMDBPRnew/public/api_costs.php on line 114
[24-Apr-2026 13:19:47 America/Santiago] PHP Warning:  Undefined array key "groups" in /var/www/html/VILASECA/CMDBPRnew/public/api_costs.php on line 114
[24-Apr-2026 13:19:47 America/Santiago] PHP Warning:  foreach() argument must be of type array|object, null given in /var/www/html/VILASECA/CMDBPRnew/public/api_costs.php on line 114
[24-Apr-2026 13:19:47 America/Santiago] PHP Warning:  Undefined array key "groups" in /var/www/html/VILASECA/CMDBPRnew/public/api_costs.php on line 114
[24-Apr-2026 13:19:47 America/Santiago] PHP Warning:  foreach() argument must be of type array|object, null given in /var/www/html/VILASECA/CMDBPRnew/public/api_costs.php on line 114
[24-Apr-2026 13:19:47 America/Santiago] PHP Warning:  Undefined array key "groups" in /var/www/html/VILASECA/CMDBPRnew/public/api_costs.php on line 114
[24-Apr-2026 13:19:47 America/Santiago] PHP Warning:  foreach() argument must be of type array|object, null given in /var/www/html/VILASECA/CMDBPRnew/public/api_costs.php on line 114
[24-Apr-2026 13:19:47 America/Santiago] PHP Warning:  Undefined array key "groups" in /var/www/html/VILASECA/CMDBPRnew/public/api_costs.php on line 114
[24-Apr-2026 13:19:47 America/Santiago] PHP Warning:  foreach() argument must be of type array|object, null given in /var/www/html/VILASECA/CMDBPRnew/public/api_costs.php on line 114
[24-Apr-2026 13:19:47 America/Santiago] PHP Warning:  Undefined array key "groups" in /var/www/html/VILASECA/CMDBPRnew/public/api_costs.php on line 114
[24-Apr-2026 13:19:47 America/Santiago] PHP Warning:  foreach() argument must be of type array|object, null given in /var/www/html/VILASECA/CMDBPRnew/public/api_costs.php on line 114
[24-Apr-2026 13:19:47 America/Santiago] PHP Warning:  Undefined array key "groups" in /var/www/html/VILASECA/CMDBPRnew/public/api_costs.php on line 114
[24-Apr-2026 13:19:47 America/Santiago] PHP Warning:  foreach() argument must be of type array|object, null given in /var/www/html/VILASECA/CMDBPRnew/public/api_costs.php on line 114
[24-Apr-2026 13:19:47 America/Santiago] PHP Warning:  Undefined array key "groups" in /var/www/html/VILASECA/CMDBPRnew/public/api_costs.php on line 114
[24-Apr-2026 13:19:47 America/Santiago] PHP Warning:  foreach() argument must be of type array|object, null given in /var/www/html/VILASECA/CMDBPRnew/public/api_costs.php on line 114
[24-Apr-2026 13:21:03 America/Santiago] PHP Warning:  Undefined array key "groups" in /var/www/html/VILASECA/CMDBPRnew/public/api_costs.php on line 114
[24-Apr-2026 13:21:03 America/Santiago] PHP Warning:  foreach() argument must be of type array|object, null given in /var/www/html/VILASECA/CMDBPRnew/public/api_costs.php on line 114
[24-Apr-2026 13:21:03 America/Santiago] PHP Warning:  Undefined array key "groups" in /var/www/html/VILASECA/CMDBPRnew/public/api_costs.php on line 114
[24-Apr-2026 13:21:03 America/Santiago] PHP Warning:  foreach() argument must be of type array|object, null given in /var/www/html/VILASECA/CMDBPRnew/public/api_costs.php on line 114
[24-Apr-2026 13:21:03 America/Santiago] PHP Warning:  Undefined array key "groups" in /var/www/html/VILASECA/CMDBPRnew/public/api_costs.php on line 114
[24-Apr-2026 13:21:03 America/Santiago] PHP Warning:  foreach() argument must be of type array|object, null given in /var/www/html/VILASECA/CMDBPRnew/public/api_costs.php on line 114
[24-Apr-2026 13:21:03 America/Santiago] PHP Warning:  Undefined array key "groups" in /var/www/html/VILASECA/CMDBPRnew/public/api_costs.php on line 114
[24-Apr-2026 13:21:03 America/Santiago] PHP Warning:  foreach() argument must be of type array|object, null given in /var/www/html/VILASECA/CMDBPRnew/public/api_costs.php on line 114
[24-Apr-2026 13:21:03 America/Santiago] PHP Warning:  Undefined array key "groups" in /var/www/html/VILASECA/CMDBPRnew/public/api_costs.php on line 114
[24-Apr-2026 13:21:03 America/Santiago] PHP Warning:  foreach() argument must be of type array|object, null given in /var/www/html/VILASECA/CMDBPRnew/public/api_costs.php on line 114
[24-Apr-2026 13:21:03 America/Santiago] PHP Warning:  Undefined array key "groups" in /var/www/html/VILASECA/CMDBPRnew/public/api_costs.php on line 114
[24-Apr-2026 13:21:03 America/Santiago] PHP Warning:  foreach() argument must be of type array|object, null given in /var/www/html/VILASECA/CMDBPRnew/public/api_costs.php on line 114
[24-Apr-2026 13:21:03 America/Santiago] PHP Warning:  Undefined array key "groups" in /var/www/html/VILASECA/CMDBPRnew/public/api_costs.php on line 114
[24-Apr-2026 13:21:03 America/Santiago] PHP Warning:  foreach() argument must be of type array|object, null given in /var/www/html/VILASECA/CMDBPRnew/public/api_costs.php on line 114
[24-Apr-2026 13:21:03 America/Santiago] PHP Warning:  Undefined array key "groups" in /var/www/html/VILASECA/CMDBPRnew/public/api_costs.php on line 114
[24-Apr-2026 13:21:03 America/Santiago] PHP Warning:  foreach() argument must be of type array|object, null given in /var/www/html/VILASECA/CMDBPRnew/public/api_costs.php on line 114
[24-Apr-2026 13:21:03 America/Santiago] PHP Warning:  Undefined array key "groups" in /var/www/html/VILASECA/CMDBPRnew/public/api_costs.php on line 114
[24-Apr-2026 13:21:03 America/Santiago] PHP Warning:  foreach() argument must be of type array|object, null given in /var/www/html/VILASECA/CMDBPRnew/public/api_costs.php on line 114
[24-Apr-2026 13:21:03 America/Santiago] PHP Warning:  Undefined array key "groups" in /var/www/html/VILASECA/CMDBPRnew/public/api_costs.php on line 114
[24-Apr-2026 13:21:03 America/Santiago] PHP Warning:  foreach() argument must be of type array|object, null given in /var/www/html/VILASECA/CMDBPRnew/public/api_costs.php on line 114
[24-Apr-2026 13:21:03 America/Santiago] PHP Warning:  Undefined array key "groups" in /var/www/html/VILASECA/CMDBPRnew/public/api_costs.php on line 114
[24-Apr-2026 13:21:03 America/Santiago] PHP Warning:  foreach() argument must be of type array|object, null given in /var/www/html/VILASECA/CMDBPRnew/public/api_costs.php on line 114
[24-Apr-2026 13:21:03 America/Santiago] PHP Warning:  Undefined array key "groups" in /var/www/html/VILASECA/CMDBPRnew/public/api_costs.php on line 114
[24-Apr-2026 13:21:03 America/Santiago] PHP Warning:  foreach() argument must be of type array|object, null given in /var/www/html/VILASECA/CMDBPRnew/public/api_costs.php on line 114
[24-Apr-2026 13:21:03 America/Santiago] PHP Warning:  Undefined array key "groups" in /var/www/html/VILASECA/CMDBPRnew/public/api_costs.php on line 114
[24-Apr-2026 13:21:03 America/Santiago] PHP Warning:  foreach() argument must be of type array|object, null given in /var/www/html/VILASECA/CMDBPRnew/public/api_costs.php on line 114
[26-Apr-2026 18:16:39 America/Santiago] PHP Warning:  preg_match(): Compilation failed: escape sequence is invalid in character class at offset 10 in /var/www/html/VILASECA/CMDBPRnew/public/api_storage.php on line 88
[26-Apr-2026 18:16:39 America/Santiago] PHP Warning:  preg_match(): Compilation failed: escape sequence is invalid in character class at offset 10 in /var/www/html/VILASECA/CMDBPRnew/public/api_storage.php on line 88
[26-Apr-2026 18:16:39 America/Santiago] PHP Warning:  preg_match(): Compilation failed: escape sequence is invalid in character class at offset 10 in /var/www/html/VILASECA/CMDBPRnew/public/api_storage.php on line 88
[26-Apr-2026 18:16:39 America/Santiago] PHP Warning:  preg_match(): Compilation failed: escape sequence is invalid in character class at offset 10 in /var/www/html/VILASECA/CMDBPRnew/public/api_storage.php on line 88
[26-Apr-2026 18:16:39 America/Santiago] PHP Warning:  preg_match(): Compilation failed: escape sequence is invalid in character class at offset 10 in /var/www/html/VILASECA/CMDBPRnew/public/api_storage.php on line 88
[26-Apr-2026 18:16:39 America/Santiago] PHP Warning:  preg_match(): Compilation failed: escape sequence is invalid in character class at offset 10 in /var/www/html/VILASECA/CMDBPRnew/public/api_storage.php on line 88
[26-Apr-2026 18:16:39 America/Santiago] PHP Warning:  preg_match(): Compilation failed: escape sequence is invalid in character class at offset 10 in /var/www/html/VILASECA/CMDBPRnew/public/api_storage.php on line 88
[26-Apr-2026 18:16:39 America/Santiago] PHP Warning:  preg_match(): Compilation failed: escape sequence is invalid in character class at offset 10 in /var/www/html/VILASECA/CMDBPRnew/public/api_storage.php on line 88
[26-Apr-2026 18:16:39 America/Santiago] PHP Warning:  preg_match(): Compilation failed: escape sequence is invalid in character class at offset 10 in /var/www/html/VILASECA/CMDBPRnew/public/api_storage.php on line 88
[26-Apr-2026 18:16:39 America/Santiago] PHP Warning:  preg_match(): Compilation failed: escape sequence is invalid in character class at offset 10 in /var/www/html/VILASECA/CMDBPRnew/public/api_storage.php on line 88
[26-Apr-2026 18:16:39 America/Santiago] PHP Warning:  preg_match(): Compilation failed: escape sequence is invalid in character class at offset 10 in /var/www/html/VILASECA/CMDBPRnew/public/api_storage.php on line 88
[26-Apr-2026 18:16:39 America/Santiago] PHP Warning:  preg_match(): Compilation failed: escape sequence is invalid in character class at offset 10 in /var/www/html/VILASECA/CMDBPRnew/public/api_storage.php on line 88
[26-Apr-2026 18:16:39 America/Santiago] PHP Warning:  preg_match(): Compilation failed: escape sequence is invalid in character class at offset 10 in /var/www/html/VILASECA/CMDBPRnew/public/api_storage.php on line 88
[26-Apr-2026 18:16:39 America/Santiago] PHP Warning:  preg_match(): Compilation failed: escape sequence is invalid in character class at offset 10 in /var/www/html/VILASECA/CMDBPRnew/public/api_storage.php on line 88
[26-Apr-2026 18:16:39 America/Santiago] PHP Warning:  preg_match(): Compilation failed: escape sequence is invalid in character class at offset 10 in /var/www/html/VILASECA/CMDBPRnew/public/api_storage.php on line 88
[26-Apr-2026 18:16:39 America/Santiago] PHP Warning:  preg_match(): Compilation failed: escape sequence is invalid in character class at offset 10 in /var/www/html/VILASECA/CMDBPRnew/public/api_storage.php on line 88
[26-Apr-2026 18:16:39 America/Santiago] PHP Warning:  preg_match(): Compilation failed: escape sequence is invalid in character class at offset 10 in /var/www/html/VILASECA/CMDBPRnew/public/api_storage.php on line 88
[26-Apr-2026 18:16:39 America/Santiago] PHP Warning:  preg_match(): Compilation failed: escape sequence is invalid in character class at offset 10 in /var/www/html/VILASECA/CMDBPRnew/public/api_storage.php on line 88
[26-Apr-2026 18:16:39 America/Santiago] PHP Warning:  preg_match(): Compilation failed: escape sequence is invalid in character class at offset 10 in /var/www/html/VILASECA/CMDBPRnew/public/api_storage.php on line 88
[26-Apr-2026 18:16:39 America/Santiago] PHP Warning:  preg_match(): Compilation failed: escape sequence is invalid in character class at offset 10 in /var/www/html/VILASECA/CMDBPRnew/public/api_storage.php on line 88
[26-Apr-2026 18:16:39 America/Santiago] PHP Warning:  preg_match(): Compilation failed: escape sequence is invalid in character class at offset 10 in /var/www/html/VILASECA/CMDBPRnew/public/api_storage.php on line 88
[26-Apr-2026 18:16:39 America/Santiago] PHP Warning:  preg_match(): Compilation failed: escape sequence is invalid in character class at offset 10 in /var/www/html/VILASECA/CMDBPRnew/public/api_storage.php on line 88
[26-Apr-2026 18:16:39 America/Santiago] PHP Warning:  preg_match(): Compilation failed: escape sequence is invalid in character class at offset 10 in /var/www/html/VILASECA/CMDBPRnew/public/api_storage.php on line 88
[26-Apr-2026 18:16:39 America/Santiago] PHP Warning:  preg_match(): Compilation failed: escape sequence is invalid in character class at offset 10 in /var/www/html/VILASECA/CMDBPRnew/public/api_storage.php on line 88
[26-Apr-2026 18:16:39 America/Santiago] PHP Warning:  preg_match(): Compilation failed: escape sequence is invalid in character class at offset 10 in /var/www/html/VILASECA/CMDBPRnew/public/api_storage.php on line 88
[26-Apr-2026 18:16:39 America/Santiago] PHP Warning:  preg_match(): Compilation failed: escape sequence is invalid in character class at offset 10 in /var/www/html/VILASECA/CMDBPRnew/public/api_storage.php on line 88
[26-Apr-2026 18:16:39 America/Santiago] PHP Warning:  preg_match(): Compilation failed: escape sequence is invalid in character class at offset 10 in /var/www/html/VILASECA/CMDBPRnew/public/api_storage.php on line 88
[26-Apr-2026 18:16:39 America/Santiago] PHP Warning:  preg_match(): Compilation failed: escape sequence is invalid in character class at offset 10 in /var/www/html/VILASECA/CMDBPRnew/public/api_storage.php on line 88
[26-Apr-2026 18:16:39 America/Santiago] PHP Warning:  preg_match(): Compilation failed: escape sequence is invalid in character class at offset 10 in /var/www/html/VILASECA/CMDBPRnew/public/api_storage.php on line 88
[26-Apr-2026 18:16:39 America/Santiago] PHP Warning:  preg_match(): Compilation failed: escape sequence is invalid in character class at offset 10 in /var/www/html/VILASECA/CMDBPRnew/public/api_storage.php on line 88
[26-Apr-2026 18:16:39 America/Santiago] PHP Warning:  preg_match(): Compilation failed: escape sequence is invalid in character class at offset 10 in /var/www/html/VILASECA/CMDBPRnew/public/api_storage.php on line 88
[26-Apr-2026 18:16:39 America/Santiago] PHP Warning:  preg_match(): Compilation failed: escape sequence is invalid in character class at offset 10 in /var/www/html/VILASECA/CMDBPRnew/public/api_storage.php on line 88
[26-Apr-2026 18:16:39 America/Santiago] PHP Warning:  preg_match(): Compilation failed: escape sequence is invalid in character class at offset 10 in /var/www/html/VILASECA/CMDBPRnew/public/api_storage.php on line 88
[26-Apr-2026 18:16:39 America/Santiago] PHP Warning:  preg_match(): Compilation failed: escape sequence is invalid in character class at offset 10 in /var/www/html/VILASECA/CMDBPRnew/public/api_storage.php on line 88
[26-Apr-2026 18:16:39 America/Santiago] PHP Warning:  preg_match(): Compilation failed: escape sequence is invalid in character class at offset 10 in /var/www/html/VILASECA/CMDBPRnew/public/api_storage.php on line 88
[26-Apr-2026 18:16:39 America/Santiago] PHP Warning:  preg_match(): Compilation failed: escape sequence is invalid in character class at offset 10 in /var/www/html/VILASECA/CMDBPRnew/public/api_storage.php on line 88
[26-Apr-2026 18:16:39 America/Santiago] PHP Warning:  preg_match(): Compilation failed: escape sequence is invalid in character class at offset 10 in /var/www/html/VILASECA/CMDBPRnew/public/api_storage.php on line 88
[26-Apr-2026 18:16:39 America/Santiago] PHP Warning:  preg_match(): Compilation failed: escape sequence is invalid in character class at offset 10 in /var/www/html/VILASECA/CMDBPRnew/public/api_storage.php on line 88
[26-Apr-2026 18:16:39 America/Santiago] PHP Warning:  preg_match(): Compilation failed: escape sequence is invalid in character class at offset 10 in /var/www/html/VILASECA/CMDBPRnew/public/api_storage.php on line 88
[26-Apr-2026 18:16:39 America/Santiago] PHP Warning:  preg_match(): Compilation failed: escape sequence is invalid in character class at offset 10 in /var/www/html/VILASECA/CMDBPRnew/public/api_storage.php on line 88
[26-Apr-2026 18:16:39 America/Santiago] PHP Warning:  preg_match(): Compilation failed: escape sequence is invalid in character class at offset 10 in /var/www/html/VILASECA/CMDBPRnew/public/api_storage.php on line 88
[26-Apr-2026 18:16:39 America/Santiago] PHP Warning:  preg_match(): Compilation failed: escape sequence is invalid in character class at offset 10 in /var/www/html/VILASECA/CMDBPRnew/public/api_storage.php on line 88
[26-Apr-2026 18:16:39 America/Santiago] PHP Warning:  preg_match(): Compilation failed: escape sequence is invalid in character class at offset 10 in /var/www/html/VILASECA/CMDBPRnew/public/api_storage.php on line 88
[26-Apr-2026 18:16:39 America/Santiago] PHP Warning:  preg_match(): Compilation failed: escape sequence is invalid in character class at offset 10 in /var/www/html/VILASECA/CMDBPRnew/public/api_storage.php on line 88
[26-Apr-2026 18:16:39 America/Santiago] PHP Warning:  preg_match(): Compilation failed: escape sequence is invalid in character class at offset 10 in /var/www/html/VILASECA/CMDBPRnew/public/api_storage.php on line 88
[26-Apr-2026 18:16:39 America/Santiago] PHP Warning:  preg_match(): Compilation failed: escape sequence is invalid in character class at offset 10 in /var/www/html/VILASECA/CMDBPRnew/public/api_storage.php on line 88
[26-Apr-2026 18:17:15 America/Santiago] PHP Warning:  preg_match(): Compilation failed: escape sequence is invalid in character class at offset 10 in /var/www/html/VILASECA/CMDBPRnew/public/api_storage.php on line 88
[26-Apr-2026 18:17:15 America/Santiago] PHP Warning:  preg_match(): Compilation failed: escape sequence is invalid in character class at offset 10 in /var/www/html/VILASECA/CMDBPRnew/public/api_storage.php on line 88
[26-Apr-2026 18:17:15 America/Santiago] PHP Warning:  preg_match(): Compilation failed: escape sequence is invalid in character class at offset 10 in /var/www/html/VILASECA/CMDBPRnew/public/api_storage.php on line 88
[26-Apr-2026 18:17:15 America/Santiago] PHP Warning:  preg_match(): Compilation failed: escape sequence is invalid in character class at offset 10 in /var/www/html/VILASECA/CMDBPRnew/public/api_storage.php on line 88
[26-Apr-2026 18:17:15 America/Santiago] PHP Warning:  preg_match(): Compilation failed: escape sequence is invalid in character class at offset 10 in /var/www/html/VILASECA/CMDBPRnew/public/api_storage.php on line 88
[26-Apr-2026 18:17:15 America/Santiago] PHP Warning:  preg_match(): Compilation failed: escape sequence is invalid in character class at offset 10 in /var/www/html/VILASECA/CMDBPRnew/public/api_storage.php on line 88
[26-Apr-2026 18:17:15 America/Santiago] PHP Warning:  preg_match(): Compilation failed: escape sequence is invalid in character class at offset 10 in /var/www/html/VILASECA/CMDBPRnew/public/api_storage.php on line 88
[26-Apr-2026 18:17:15 America/Santiago] PHP Warning:  preg_match(): Compilation failed: escape sequence is invalid in character class at offset 10 in /var/www/html/VILASECA/CMDBPRnew/public/api_storage.php on line 88
[26-Apr-2026 18:17:15 America/Santiago] PHP Warning:  preg_match(): Compilation failed: escape sequence is invalid in character class at offset 10 in /var/www/html/VILASECA/CMDBPRnew/public/api_storage.php on line 88
[26-Apr-2026 18:17:15 America/Santiago] PHP Warning:  preg_match(): Compilation failed: escape sequence is invalid in character class at offset 10 in /var/www/html/VILASECA/CMDBPRnew/public/api_storage.php on line 88
[26-Apr-2026 18:17:15 America/Santiago] PHP Warning:  preg_match(): Compilation failed: escape sequence is invalid in character class at offset 10 in /var/www/html/VILASECA/CMDBPRnew/public/api_storage.php on line 88
[26-Apr-2026 18:17:15 America/Santiago] PHP Warning:  preg_match(): Compilation failed: escape sequence is invalid in character class at offset 10 in /var/www/html/VILASECA/CMDBPRnew/public/api_storage.php on line 88
[26-Apr-2026 18:17:15 America/Santiago] PHP Warning:  preg_match(): Compilation failed: escape sequence is invalid in character class at offset 10 in /var/www/html/VILASECA/CMDBPRnew/public/api_storage.php on line 88
[26-Apr-2026 18:17:15 America/Santiago] PHP Warning:  preg_match(): Compilation failed: escape sequence is invalid in character class at offset 10 in /var/www/html/VILASECA/CMDBPRnew/public/api_storage.php on line 88
[26-Apr-2026 18:17:15 America/Santiago] PHP Warning:  preg_match(): Compilation failed: escape sequence is invalid in character class at offset 10 in /var/www/html/VILASECA/CMDBPRnew/public/api_storage.php on line 88
[26-Apr-2026 18:17:15 America/Santiago] PHP Warning:  preg_match(): Compilation failed: escape sequence is invalid in character class at offset 10 in /var/www/html/VILASECA/CMDBPRnew/public/api_storage.php on line 88
[26-Apr-2026 18:17:15 America/Santiago] PHP Warning:  preg_match(): Compilation failed: escape sequence is invalid in character class at offset 10 in /var/www/html/VILASECA/CMDBPRnew/public/api_storage.php on line 88
[26-Apr-2026 18:17:15 America/Santiago] PHP Warning:  preg_match(): Compilation failed: escape sequence is invalid in character class at offset 10 in /var/www/html/VILASECA/CMDBPRnew/public/api_storage.php on line 88
[26-Apr-2026 18:17:15 America/Santiago] PHP Warning:  preg_match(): Compilation failed: escape sequence is invalid in character class at offset 10 in /var/www/html/VILASECA/CMDBPRnew/public/api_storage.php on line 88
[26-Apr-2026 18:17:15 America/Santiago] PHP Warning:  preg_match(): Compilation failed: escape sequence is invalid in character class at offset 10 in /var/www/html/VILASECA/CMDBPRnew/public/api_storage.php on line 88
[26-Apr-2026 18:17:15 America/Santiago] PHP Warning:  preg_match(): Compilation failed: escape sequence is invalid in character class at offset 10 in /var/www/html/VILASECA/CMDBPRnew/public/api_storage.php on line 88
[26-Apr-2026 18:17:15 America/Santiago] PHP Warning:  preg_match(): Compilation failed: escape sequence is invalid in character class at offset 10 in /var/www/html/VILASECA/CMDBPRnew/public/api_storage.php on line 88
[26-Apr-2026 18:17:15 America/Santiago] PHP Warning:  preg_match(): Compilation failed: escape sequence is invalid in character class at offset 10 in /var/www/html/VILASECA/CMDBPRnew/public/api_storage.php on line 88
[26-Apr-2026 18:17:15 America/Santiago] PHP Warning:  preg_match(): Compilation failed: escape sequence is invalid in character class at offset 10 in /var/www/html/VILASECA/CMDBPRnew/public/api_storage.php on line 88
[26-Apr-2026 18:17:15 America/Santiago] PHP Warning:  preg_match(): Compilation failed: escape sequence is invalid in character class at offset 10 in /var/www/html/VILASECA/CMDBPRnew/public/api_storage.php on line 88
[26-Apr-2026 18:17:15 America/Santiago] PHP Warning:  preg_match(): Compilation failed: escape sequence is invalid in character class at offset 10 in /var/www/html/VILASECA/CMDBPRnew/public/api_storage.php on line 88
[26-Apr-2026 18:17:15 America/Santiago] PHP Warning:  preg_match(): Compilation failed: escape sequence is invalid in character class at offset 10 in /var/www/html/VILASECA/CMDBPRnew/public/api_storage.php on line 88
[26-Apr-2026 18:17:15 America/Santiago] PHP Warning:  preg_match(): Compilation failed: escape sequence is invalid in character class at offset 10 in /var/www/html/VILASECA/CMDBPRnew/public/api_storage.php on line 88
[26-Apr-2026 18:17:15 America/Santiago] PHP Warning:  preg_match(): Compilation failed: escape sequence is invalid in character class at offset 10 in /var/www/html/VILASECA/CMDBPRnew/public/api_storage.php on line 88
[26-Apr-2026 18:17:15 America/Santiago] PHP Warning:  preg_match(): Compilation failed: escape sequence is invalid in character class at offset 10 in /var/www/html/VILASECA/CMDBPRnew/public/api_storage.php on line 88
[26-Apr-2026 18:17:15 America/Santiago] PHP Warning:  preg_match(): Compilation failed: escape sequence is invalid in character class at offset 10 in /var/www/html/VILASECA/CMDBPRnew/public/api_storage.php on line 88
[26-Apr-2026 18:17:15 America/Santiago] PHP Warning:  preg_match(): Compilation failed: escape sequence is invalid in character class at offset 10 in /var/www/html/VILASECA/CMDBPRnew/public/api_storage.php on line 88
[26-Apr-2026 18:17:15 America/Santiago] PHP Warning:  preg_match(): Compilation failed: escape sequence is invalid in character class at offset 10 in /var/www/html/VILASECA/CMDBPRnew/public/api_storage.php on line 88
[26-Apr-2026 18:17:15 America/Santiago] PHP Warning:  preg_match(): Compilation failed: escape sequence is invalid in character class at offset 10 in /var/www/html/VILASECA/CMDBPRnew/public/api_storage.php on line 88
[26-Apr-2026 18:17:15 America/Santiago] PHP Warning:  preg_match(): Compilation failed: escape sequence is invalid in character class at offset 10 in /var/www/html/VILASECA/CMDBPRnew/public/api_storage.php on line 88
[26-Apr-2026 18:17:15 America/Santiago] PHP Warning:  preg_match(): Compilation failed: escape sequence is invalid in character class at offset 10 in /var/www/html/VILASECA/CMDBPRnew/public/api_storage.php on line 88
[26-Apr-2026 18:17:15 America/Santiago] PHP Warning:  preg_match(): Compilation failed: escape sequence is invalid in character class at offset 10 in /var/www/html/VILASECA/CMDBPRnew/public/api_storage.php on line 88
[26-Apr-2026 18:17:15 America/Santiago] PHP Warning:  preg_match(): Compilation failed: escape sequence is invalid in character class at offset 10 in /var/www/html/VILASECA/CMDBPRnew/public/api_storage.php on line 88
[26-Apr-2026 18:17:15 America/Santiago] PHP Warning:  preg_match(): Compilation failed: escape sequence is invalid in character class at offset 10 in /var/www/html/VILASECA/CMDBPRnew/public/api_storage.php on line 88
[26-Apr-2026 18:17:15 America/Santiago] PHP Warning:  preg_match(): Compilation failed: escape sequence is invalid in character class at offset 10 in /var/www/html/VILASECA/CMDBPRnew/public/api_storage.php on line 88
[26-Apr-2026 18:17:15 America/Santiago] PHP Warning:  preg_match(): Compilation failed: escape sequence is invalid in character class at offset 10 in /var/www/html/VILASECA/CMDBPRnew/public/api_storage.php on line 88
[26-Apr-2026 18:19:03 America/Santiago] PHP Warning:  preg_match(): Compilation failed: escape sequence is invalid in character class at offset 10 in /var/www/html/VILASECA/CMDBPRnew/public/api_storage.php on line 88
[26-Apr-2026 18:19:03 America/Santiago] PHP Warning:  preg_match(): Compilation failed: escape sequence is invalid in character class at offset 10 in /var/www/html/VILASECA/CMDBPRnew/public/api_storage.php on line 88
[26-Apr-2026 18:19:03 America/Santiago] PHP Warning:  preg_match(): Compilation failed: escape sequence is invalid in character class at offset 10 in /var/www/html/VILASECA/CMDBPRnew/public/api_storage.php on line 88
[26-Apr-2026 18:19:03 America/Santiago] PHP Warning:  preg_match(): Compilation failed: escape sequence is invalid in character class at offset 10 in /var/www/html/VILASECA/CMDBPRnew/public/api_storage.php on line 88
[26-Apr-2026 18:19:03 America/Santiago] PHP Warning:  preg_match(): Compilation failed: escape sequence is invalid in character class at offset 10 in /var/www/html/VILASECA/CMDBPRnew/public/api_storage.php on line 88
[26-Apr-2026 18:19:03 America/Santiago] PHP Warning:  preg_match(): Compilation failed: escape sequence is invalid in character class at offset 10 in /var/www/html/VILASECA/CMDBPRnew/public/api_storage.php on line 88
[26-Apr-2026 18:19:03 America/Santiago] PHP Warning:  preg_match(): Compilation failed: escape sequence is invalid in character class at offset 10 in /var/www/html/VILASECA/CMDBPRnew/public/api_storage.php on line 88
[26-Apr-2026 18:19:03 America/Santiago] PHP Warning:  preg_match(): Compilation failed: escape sequence is invalid in character class at offset 10 in /var/www/html/VILASECA/CMDBPRnew/public/api_storage.php on line 88
[26-Apr-2026 18:19:03 America/Santiago] PHP Warning:  preg_match(): Compilation failed: escape sequence is invalid in character class at offset 10 in /var/www/html/VILASECA/CMDBPRnew/public/api_storage.php on line 88
[26-Apr-2026 18:19:03 America/Santiago] PHP Warning:  preg_match(): Compilation failed: escape sequence is invalid in character class at offset 10 in /var/www/html/VILASECA/CMDBPRnew/public/api_storage.php on line 88
[26-Apr-2026 18:19:03 America/Santiago] PHP Warning:  preg_match(): Compilation failed: escape sequence is invalid in character class at offset 10 in /var/www/html/VILASECA/CMDBPRnew/public/api_storage.php on line 88
[26-Apr-2026 18:19:03 America/Santiago] PHP Warning:  preg_match(): Compilation failed: escape sequence is invalid in character class at offset 10 in /var/www/html/VILASECA/CMDBPRnew/public/api_storage.php on line 88
[26-Apr-2026 18:19:03 America/Santiago] PHP Warning:  preg_match(): Compilation failed: escape sequence is invalid in character class at offset 10 in /var/www/html/VILASECA/CMDBPRnew/public/api_storage.php on line 88
[26-Apr-2026 18:19:03 America/Santiago] PHP Warning:  preg_match(): Compilation failed: escape sequence is invalid in character class at offset 10 in /var/www/html/VILASECA/CMDBPRnew/public/api_storage.php on line 88
[26-Apr-2026 18:19:03 America/Santiago] PHP Warning:  preg_match(): Compilation failed: escape sequence is invalid in character class at offset 10 in /var/www/html/VILASECA/CMDBPRnew/public/api_storage.php on line 88
[26-Apr-2026 18:19:03 America/Santiago] PHP Warning:  preg_match(): Compilation failed: escape sequence is invalid in character class at offset 10 in /var/www/html/VILASECA/CMDBPRnew/public/api_storage.php on line 88
[26-Apr-2026 18:19:03 America/Santiago] PHP Warning:  preg_match(): Compilation failed: escape sequence is invalid in character class at offset 10 in /var/www/html/VILASECA/CMDBPRnew/public/api_storage.php on line 88
[26-Apr-2026 18:19:03 America/Santiago] PHP Warning:  preg_match(): Compilation failed: escape sequence is invalid in character class at offset 10 in /var/www/html/VILASECA/CMDBPRnew/public/api_storage.php on line 88
[26-Apr-2026 18:19:03 America/Santiago] PHP Warning:  preg_match(): Compilation failed: escape sequence is invalid in character class at offset 10 in /var/www/html/VILASECA/CMDBPRnew/public/api_storage.php on line 88
[26-Apr-2026 18:19:03 America/Santiago] PHP Warning:  preg_match(): Compilation failed: escape sequence is invalid in character class at offset 10 in /var/www/html/VILASECA/CMDBPRnew/public/api_storage.php on line 88
[26-Apr-2026 18:19:03 America/Santiago] PHP Warning:  preg_match(): Compilation failed: escape sequence is invalid in character class at offset 10 in /var/www/html/VILASECA/CMDBPRnew/public/api_storage.php on line 88
[26-Apr-2026 18:19:03 America/Santiago] PHP Warning:  preg_match(): Compilation failed: escape sequence is invalid in character class at offset 10 in /var/www/html/VILASECA/CMDBPRnew/public/api_storage.php on line 88
[26-Apr-2026 18:19:03 America/Santiago] PHP Warning:  preg_match(): Compilation failed: escape sequence is invalid in character class at offset 10 in /var/www/html/VILASECA/CMDBPRnew/public/api_storage.php on line 88
[26-Apr-2026 18:19:03 America/Santiago] PHP Warning:  preg_match(): Compilation failed: escape sequence is invalid in character class at offset 10 in /var/www/html/VILASECA/CMDBPRnew/public/api_storage.php on line 88
[26-Apr-2026 18:19:03 America/Santiago] PHP Warning:  preg_match(): Compilation failed: escape sequence is invalid in character class at offset 10 in /var/www/html/VILASECA/CMDBPRnew/public/api_storage.php on line 88
[26-Apr-2026 18:19:03 America/Santiago] PHP Warning:  preg_match(): Compilation failed: escape sequence is invalid in character class at offset 10 in /var/www/html/VILASECA/CMDBPRnew/public/api_storage.php on line 88
[26-Apr-2026 18:19:03 America/Santiago] PHP Warning:  preg_match(): Compilation failed: escape sequence is invalid in character class at offset 10 in /var/www/html/VILASECA/CMDBPRnew/public/api_storage.php on line 88
[26-Apr-2026 18:19:03 America/Santiago] PHP Warning:  preg_match(): Compilation failed: escape sequence is invalid in character class at offset 10 in /var/www/html/VILASECA/CMDBPRnew/public/api_storage.php on line 88
[26-Apr-2026 18:19:03 America/Santiago] PHP Warning:  preg_match(): Compilation failed: escape sequence is invalid in character class at offset 10 in /var/www/html/VILASECA/CMDBPRnew/public/api_storage.php on line 88
[26-Apr-2026 18:19:03 America/Santiago] PHP Warning:  preg_match(): Compilation failed: escape sequence is invalid in character class at offset 10 in /var/www/html/VILASECA/CMDBPRnew/public/api_storage.php on line 88
[26-Apr-2026 18:19:03 America/Santiago] PHP Warning:  preg_match(): Compilation failed: escape sequence is invalid in character class at offset 10 in /var/www/html/VILASECA/CMDBPRnew/public/api_storage.php on line 88
[26-Apr-2026 18:19:03 America/Santiago] PHP Warning:  preg_match(): Compilation failed: escape sequence is invalid in character class at offset 10 in /var/www/html/VILASECA/CMDBPRnew/public/api_storage.php on line 88
[26-Apr-2026 18:19:03 America/Santiago] PHP Warning:  preg_match(): Compilation failed: escape sequence is invalid in character class at offset 10 in /var/www/html/VILASECA/CMDBPRnew/public/api_storage.php on line 88
[26-Apr-2026 18:19:03 America/Santiago] PHP Warning:  preg_match(): Compilation failed: escape sequence is invalid in character class at offset 10 in /var/www/html/VILASECA/CMDBPRnew/public/api_storage.php on line 88
[26-Apr-2026 18:19:03 America/Santiago] PHP Warning:  preg_match(): Compilation failed: escape sequence is invalid in character class at offset 10 in /var/www/html/VILASECA/CMDBPRnew/public/api_storage.php on line 88
[26-Apr-2026 18:19:03 America/Santiago] PHP Warning:  preg_match(): Compilation failed: escape sequence is invalid in character class at offset 10 in /var/www/html/VILASECA/CMDBPRnew/public/api_storage.php on line 88
[26-Apr-2026 18:19:03 America/Santiago] PHP Warning:  preg_match(): Compilation failed: escape sequence is invalid in character class at offset 10 in /var/www/html/VILASECA/CMDBPRnew/public/api_storage.php on line 88
[26-Apr-2026 18:19:03 America/Santiago] PHP Warning:  preg_match(): Compilation failed: escape sequence is invalid in character class at offset 10 in /var/www/html/VILASECA/CMDBPRnew/public/api_storage.php on line 88
[26-Apr-2026 18:19:03 America/Santiago] PHP Warning:  preg_match(): Compilation failed: escape sequence is invalid in character class at offset 10 in /var/www/html/VILASECA/CMDBPRnew/public/api_storage.php on line 88
[26-Apr-2026 18:19:03 America/Santiago] PHP Warning:  preg_match(): Compilation failed: escape sequence is invalid in character class at offset 10 in /var/www/html/VILASECA/CMDBPRnew/public/api_storage.php on line 88
[26-Apr-2026 18:19:03 America/Santiago] PHP Warning:  preg_match(): Compilation failed: escape sequence is invalid in character class at offset 10 in /var/www/html/VILASECA/CMDBPRnew/public/api_storage.php on line 88
[26-Apr-2026 18:43:16 America/Santiago] Error en commit_snmp_results: No hay datos para guardar.
[26-Apr-2026 18:43:30 America/Santiago] Intentando guardar SNMP: IP=1.2.3.4 Table=sheet_test ID=999
[26-Apr-2026 18:43:30 America/Santiago] SNMP Commit exitoso. Filas afectadas: 1
[26-Apr-2026 18:51:31 America/Santiago] Intentando guardar SNMP: IP=10.0.1.10 Table=sheet_ap ID=292
[26-Apr-2026 18:51:31 America/Santiago] Error en commit_snmp_results: SQLSTATE[23000]: Integrity constraint violation: 1048 Column 'community_ok' cannot be null
[26-Apr-2026 18:51:33 America/Santiago] Intentando guardar SNMP: IP=10.0.1.101 Table=sheet_ap ID=288
[26-Apr-2026 18:51:33 America/Santiago] Error en commit_snmp_results: SQLSTATE[23000]: Integrity constraint violation: 1048 Column 'community_ok' cannot be null
[26-Apr-2026 18:52:26 America/Santiago] Intentando guardar SNMP: IP=10.0.1.10 Table=sheet_ap ID=292
[26-Apr-2026 18:52:26 America/Santiago] Error en commit_snmp_results: SQLSTATE[23000]: Integrity constraint violation: 1048 Column 'community_ok' cannot be null
[26-Apr-2026 18:52:27 America/Santiago] Intentando guardar SNMP: IP=10.0.1.101 Table=sheet_ap ID=288
[26-Apr-2026 18:52:28 America/Santiago] Error en commit_snmp_results: SQLSTATE[23000]: Integrity constraint violation: 1048 Column 'community_ok' cannot be null
[26-Apr-2026 18:54:30 America/Santiago] Intentando guardar SNMP: IP=10.0.1.10 Table=sheet_ap ID=292
[26-Apr-2026 18:54:30 America/Santiago] SNMP Commit exitoso. Filas afectadas: 1
[26-Apr-2026 18:54:31 America/Santiago] Intentando guardar SNMP: IP=10.0.1.101 Table=sheet_ap ID=288
[26-Apr-2026 18:54:31 America/Santiago] SNMP Commit exitoso. Filas afectadas: 1
[26-Apr-2026 18:54:57 America/Santiago] Intentando guardar SNMP: IP=10.0.1.10 Table=sheet_ap ID=292
[26-Apr-2026 18:54:57 America/Santiago] SNMP Commit exitoso. Filas afectadas: 2
[26-Apr-2026 18:54:58 America/Santiago] Intentando guardar SNMP: IP=10.0.1.101 Table=sheet_ap ID=288
[26-Apr-2026 18:54:58 America/Santiago] SNMP Commit exitoso. Filas afectadas: 2
[26-Apr-2026 18:54:59 America/Santiago] Intentando guardar SNMP: IP=10.0.1.101 Table=sheet_ap ID=499
[26-Apr-2026 18:54:59 America/Santiago] SNMP Commit exitoso. Filas afectadas: 1
[26-Apr-2026 18:55:00 America/Santiago] Intentando guardar SNMP: IP=10.0.1.102 Table=sheet_ap ID=299
[26-Apr-2026 18:55:00 America/Santiago] SNMP Commit exitoso. Filas afectadas: 1
[26-Apr-2026 18:55:01 America/Santiago] Intentando guardar SNMP: IP=10.0.1.105 Table=sheet_ap ID=316
[26-Apr-2026 18:55:01 America/Santiago] SNMP Commit exitoso. Filas afectadas: 1
[26-Apr-2026 18:55:02 America/Santiago] Intentando guardar SNMP: IP=10.0.1.107 Table=sheet_ap ID=307
[26-Apr-2026 18:55:02 America/Santiago] SNMP Commit exitoso. Filas afectadas: 1
[26-Apr-2026 18:55:03 America/Santiago] Intentando guardar SNMP: IP=10.0.1.108 Table=sheet_ap ID=490
[26-Apr-2026 18:55:03 America/Santiago] SNMP Commit exitoso. Filas afectadas: 1
[26-Apr-2026 18:55:04 America/Santiago] Intentando guardar SNMP: IP=10.0.1.109 Table=sheet_ap ID=312
[26-Apr-2026 18:55:04 America/Santiago] SNMP Commit exitoso. Filas afectadas: 1
[26-Apr-2026 18:55:05 America/Santiago] Intentando guardar SNMP: IP=10.0.1.110 Table=sheet_ap ID=313
[26-Apr-2026 18:55:05 America/Santiago] SNMP Commit exitoso. Filas afectadas: 1
[26-Apr-2026 18:55:06 America/Santiago] Intentando guardar SNMP: IP=10.0.1.111 Table=sheet_ap ID=314
[26-Apr-2026 18:55:06 America/Santiago] SNMP Commit exitoso. Filas afectadas: 1
[26-Apr-2026 18:55:08 America/Santiago] Intentando guardar SNMP: IP=10.0.1.112 Table=sheet_ap ID=315
[26-Apr-2026 18:55:08 America/Santiago] SNMP Commit exitoso. Filas afectadas: 1
[26-Apr-2026 18:55:09 America/Santiago] Intentando guardar SNMP: IP=10.0.1.113 Table=sheet_ap ID=311
[26-Apr-2026 18:55:09 America/Santiago] SNMP Commit exitoso. Filas afectadas: 1
[26-Apr-2026 18:55:10 America/Santiago] Intentando guardar SNMP: IP=10.0.1.114 Table=sheet_ap ID=492
[26-Apr-2026 18:55:10 America/Santiago] SNMP Commit exitoso. Filas afectadas: 1
[26-Apr-2026 18:55:11 America/Santiago] Intentando guardar SNMP: IP=10.0.1.117 Table=sheet_ap ID=317
[26-Apr-2026 18:55:11 America/Santiago] SNMP Commit exitoso. Filas afectadas: 1
[26-Apr-2026 18:55:12 America/Santiago] Intentando guardar SNMP: IP=10.0.1.119 Table=sheet_ap ID=289
[26-Apr-2026 18:55:12 America/Santiago] SNMP Commit exitoso. Filas afectadas: 1
[26-Apr-2026 20:10:29 America/Santiago] Intentando guardar SNMP: IP=10.0.1.10 Table=sheet_ap ID=292
[26-Apr-2026 20:10:29 America/Santiago] SNMP Commit exitoso. Filas afectadas: 2
[26-Apr-2026 20:10:30 America/Santiago] Intentando guardar SNMP: IP=10.0.1.101 Table=sheet_ap ID=288
[26-Apr-2026 20:10:30 America/Santiago] SNMP Commit exitoso. Filas afectadas: 2
[26-Apr-2026 20:10:31 America/Santiago] Intentando guardar SNMP: IP=10.0.1.101 Table=sheet_ap ID=499
[26-Apr-2026 20:10:31 America/Santiago] SNMP Commit exitoso. Filas afectadas: 2
[27-Apr-2026 00:21:33 America/Santiago] Acción 'get_cmdb_data_for_zabbix' iniciada. Tablas solicitadas: sheet_ap
[27-Apr-2026 00:21:33 America/Santiago] Consultando tabla 'sheet_ap': Se encontraron 510 filas.
[27-Apr-2026 01:02:51 America/Santiago] PHP Fatal error:  Uncaught PDOException: SQLSTATE[42S02]: Base table or view not found: 1146 Table 'CMDBVilaseca2.interface_connections' doesn't exist in /var/www/html/VILASECA/CMDBPRnew/public/api_zabbix.php:209
Stack trace:
#0 /var/www/html/VILASECA/CMDBPRnew/public/api_zabbix.php(209): PDOStatement->execute()
#1 {main}
  thrown in /var/www/html/VILASECA/CMDBPRnew/public/api_zabbix.php on line 209
[27-Apr-2026 01:03:06 America/Santiago] PHP Fatal error:  Uncaught PDOException: SQLSTATE[42S02]: Base table or view not found: 1146 Table 'CMDBVilaseca2.interface_connections' doesn't exist in /var/www/html/VILASECA/CMDBPRnew/public/api_zabbix.php:209
Stack trace:
#0 /var/www/html/VILASECA/CMDBPRnew/public/api_zabbix.php(209): PDOStatement->execute()
#1 {main}
  thrown in /var/www/html/VILASECA/CMDBPRnew/public/api_zabbix.php on line 209
[27-Apr-2026 11:35:19 America/Santiago] Acción 'get_cmdb_data_for_zabbix' iniciada. Tablas solicitadas: sheet_equipos
[27-Apr-2026 11:35:19 America/Santiago] Consultando tabla 'sheet_equipos': Se encontraron 155 filas.
[27-Apr-2026 11:35:28 America/Santiago] Uncaught Exception: Cannot access offset of type string on string
[27-Apr-2026 11:35:28 America/Santiago] Acción 'get_cmdb_data_for_zabbix' iniciada. Tablas solicitadas: sheet_equipos
[27-Apr-2026 11:35:28 America/Santiago] Consultando tabla 'sheet_equipos': Se encontraron 155 filas.
[27-Apr-2026 11:41:19 America/Santiago] Intentando guardar SNMP: IP=10.0.1.10 Table=sheet_ap ID=292
[27-Apr-2026 11:41:19 America/Santiago] SNMP Commit exitoso. Filas afectadas: 2
[27-Apr-2026 11:41:20 America/Santiago] Intentando guardar SNMP: IP=10.0.1.101 Table=sheet_ap ID=288
[27-Apr-2026 11:41:20 America/Santiago] SNMP Commit exitoso. Filas afectadas: 2
[27-Apr-2026 12:53:00 America/Santiago] PHP Fatal error:  Uncaught PDOException: SQLSTATE[42S22]: Column not found: 1054 Unknown column 'name' in 'SELECT' in /var/www/html/VILASECA/CMDBPRnew/public/api_topology.php:111
Stack trace:
#0 /var/www/html/VILASECA/CMDBPRnew/public/api_topology.php(111): PDOStatement->execute()
#1 {main}
  thrown in /var/www/html/VILASECA/CMDBPRnew/public/api_topology.php on line 111
[27-Apr-2026 12:53:13 America/Santiago] PHP Fatal error:  Uncaught PDOException: SQLSTATE[42S22]: Column not found: 1054 Unknown column 'name' in 'SELECT' in /var/www/html/VILASECA/CMDBPRnew/public/api_topology.php:111
Stack trace:
#0 /var/www/html/VILASECA/CMDBPRnew/public/api_topology.php(111): PDOStatement->execute()
#1 {main}
  thrown in /var/www/html/VILASECA/CMDBPRnew/public/api_topology.php on line 111
[27-Apr-2026 12:53:16 America/Santiago] PHP Fatal error:  Uncaught PDOException: SQLSTATE[42S22]: Column not found: 1054 Unknown column 'name' in 'SELECT' in /var/www/html/VILASECA/CMDBPRnew/public/api_topology.php:111
Stack trace:
#0 /var/www/html/VILASECA/CMDBPRnew/public/api_topology.php(111): PDOStatement->execute()
#1 {main}
  thrown in /var/www/html/VILASECA/CMDBPRnew/public/api_topology.php on line 111
[27-Apr-2026 13:50:42 America/Santiago] Intentando guardar SNMP: IP=10.170.62.8 Table=zabbix ID=10.170.62.8
[27-Apr-2026 13:50:42 America/Santiago] SNMP Commit exitoso. Filas afectadas: 1
[27-Apr-2026 13:50:43 America/Santiago] Intentando guardar SNMP: IP=10.85.0.2 Table=zabbix ID=10.85.0.2
[27-Apr-2026 13:50:43 America/Santiago] SNMP Commit exitoso. Filas afectadas: 1
[06-May-2026 14:22:02 UTC] PHP Warning:  session_start(): Session ID is too long or contains illegal characters. Only the A-Z, a-z, 0-9, &quot;-&quot;, and &quot;,&quot; characters are allowed in /var/www/html/VILASECA/CMDBPRnew/config.php on line 91
[06-May-2026 14:22:02 UTC] PHP Warning:  session_start(): Failed to read session data: files (path: /var/www/html/VILASECA/CMDBPRnew/storage/sessions_fix) in /var/www/html/VILASECA/CMDBPRnew/config.php on line 91
[06-May-2026 10:22:02 America/Santiago] PHP Warning:  session_start(): Session ID is too long or contains illegal characters. Only the A-Z, a-z, 0-9, &quot;-&quot;, and &quot;,&quot; characters are allowed in /var/www/html/VILASECA/CMDBPRnew/src/auth.php on line 7
[06-May-2026 10:22:02 America/Santiago] PHP Warning:  session_start(): Failed to read session data: files (path: /var/www/html/VILASECA/CMDBPRnew/storage/sessions_fix) in /var/www/html/VILASECA/CMDBPRnew/src/auth.php on line 7
[06-May-2026 10:22:02 America/Santiago] PHP Warning:  session_start(): Session ID is too long or contains illegal characters. Only the A-Z, a-z, 0-9, &quot;-&quot;, and &quot;,&quot; characters are allowed in /var/www/html/VILASECA/CMDBPRnew/public/index.php on line 14
[06-May-2026 10:22:02 America/Santiago] PHP Warning:  session_start(): Failed to read session data: files (path: /var/www/html/VILASECA/CMDBPRnew/storage/sessions_fix) in /var/www/html/VILASECA/CMDBPRnew/public/index.php on line 14
[06-May-2026 14:22:02 UTC] PHP Warning:  session_start(): Session ID is too long or contains illegal characters. Only the A-Z, a-z, 0-9, &quot;-&quot;, and &quot;,&quot; characters are allowed in /var/www/html/VILASECA/CMDBPRnew/config.php on line 91
[06-May-2026 14:22:02 UTC] PHP Warning:  session_start(): Failed to read session data: files (path: /var/www/html/VILASECA/CMDBPRnew/storage/sessions_fix) in /var/www/html/VILASECA/CMDBPRnew/config.php on line 91
[06-May-2026 10:22:02 America/Santiago] PHP Warning:  session_start(): Session ID is too long or contains illegal characters. Only the A-Z, a-z, 0-9, &quot;-&quot;, and &quot;,&quot; characters are allowed in /var/www/html/VILASECA/CMDBPRnew/src/auth.php on line 7
[06-May-2026 10:22:02 America/Santiago] PHP Warning:  session_start(): Failed to read session data: files (path: /var/www/html/VILASECA/CMDBPRnew/storage/sessions_fix) in /var/www/html/VILASECA/CMDBPRnew/src/auth.php on line 7
[06-May-2026 10:22:02 America/Santiago] PHP Warning:  session_start(): Session ID is too long or contains illegal characters. Only the A-Z, a-z, 0-9, &quot;-&quot;, and &quot;,&quot; characters are allowed in /var/www/html/VILASECA/CMDBPRnew/public/login.php on line 6
[06-May-2026 10:22:02 America/Santiago] PHP Warning:  session_start(): Failed to read session data: files (path: /var/www/html/VILASECA/CMDBPRnew/storage/sessions_fix) in /var/www/html/VILASECA/CMDBPRnew/public/login.php on line 6
[22-May-2026 14:26:22 UTC] PHP Warning:  session_start(): Session ID is too long or contains illegal characters. Only the A-Z, a-z, 0-9, &quot;-&quot;, and &quot;,&quot; characters are allowed in /var/www/html/VILASECA/CMDBPRnew/config.php on line 91
[22-May-2026 14:26:22 UTC] PHP Warning:  session_start(): Failed to read session data: files (path: /var/www/html/VILASECA/CMDBPRnew/storage/sessions_fix) in /var/www/html/VILASECA/CMDBPRnew/config.php on line 91
[22-May-2026 10:26:22 America/Santiago] PHP Warning:  session_start(): Session ID is too long or contains illegal characters. Only the A-Z, a-z, 0-9, &quot;-&quot;, and &quot;,&quot; characters are allowed in /var/www/html/VILASECA/CMDBPRnew/src/auth.php on line 7
[22-May-2026 10:26:22 America/Santiago] PHP Warning:  session_start(): Failed to read session data: files (path: /var/www/html/VILASECA/CMDBPRnew/storage/sessions_fix) in /var/www/html/VILASECA/CMDBPRnew/src/auth.php on line 7
[22-May-2026 10:26:22 America/Santiago] PHP Warning:  session_start(): Session ID is too long or contains illegal characters. Only the A-Z, a-z, 0-9, &quot;-&quot;, and &quot;,&quot; characters are allowed in /var/www/html/VILASECA/CMDBPRnew/public/index.php on line 14
[22-May-2026 10:26:22 America/Santiago] PHP Warning:  session_start(): Failed to read session data: files (path: /var/www/html/VILASECA/CMDBPRnew/storage/sessions_fix) in /var/www/html/VILASECA/CMDBPRnew/public/index.php on line 14
[22-May-2026 14:26:22 UTC] PHP Warning:  session_start(): Session ID is too long or contains illegal characters. Only the A-Z, a-z, 0-9, &quot;-&quot;, and &quot;,&quot; characters are allowed in /var/www/html/VILASECA/CMDBPRnew/config.php on line 91
[22-May-2026 14:26:22 UTC] PHP Warning:  session_start(): Failed to read session data: files (path: /var/www/html/VILASECA/CMDBPRnew/storage/sessions_fix) in /var/www/html/VILASECA/CMDBPRnew/config.php on line 91
[22-May-2026 10:26:22 America/Santiago] PHP Warning:  session_start(): Session ID is too long or contains illegal characters. Only the A-Z, a-z, 0-9, &quot;-&quot;, and &quot;,&quot; characters are allowed in /var/www/html/VILASECA/CMDBPRnew/src/auth.php on line 7
[22-May-2026 10:26:22 America/Santiago] PHP Warning:  session_start(): Failed to read session data: files (path: /var/www/html/VILASECA/CMDBPRnew/storage/sessions_fix) in /var/www/html/VILASECA/CMDBPRnew/src/auth.php on line 7
[22-May-2026 10:26:22 America/Santiago] PHP Warning:  session_start(): Session ID is too long or contains illegal characters. Only the A-Z, a-z, 0-9, &quot;-&quot;, and &quot;,&quot; characters are allowed in /var/www/html/VILASECA/CMDBPRnew/public/login.php on line 6
[22-May-2026 10:26:22 America/Santiago] PHP Warning:  session_start(): Failed to read session data: files (path: /var/www/html/VILASECA/CMDBPRnew/storage/sessions_fix) in /var/www/html/VILASECA/CMDBPRnew/public/login.php on line 6
[22-May-2026 12:31:24 America/Santiago] Acción 'get_cmdb_data_for_zabbix' iniciada. Tablas solicitadas: sheet_equipos
[22-May-2026 12:31:24 America/Santiago] Consultando tabla 'sheet_equipos': Se encontraron 155 filas.
[22-May-2026 18:01:09 America/Santiago] PHP Fatal error:  Cannot redeclare function getPDOWithoutDB() (previously declared in /var/www/html/VILASECA/CMDBPRnew/src/db.php:13) in /var/www/html/VILASECA/CMDBPRnew/src/db.php on line 13
[29-May-2026 13:09:54 America/Santiago] Intentando guardar SNMP: IP=- Table=sheet_equipos ID=136
[29-May-2026 13:09:54 America/Santiago] SNMP Commit exitoso. Filas afectadas: 1
[29-May-2026 13:09:55 America/Santiago] Intentando guardar SNMP: IP=10.85.0.3 Table=sheet_equipos ID=16
[29-May-2026 13:09:55 America/Santiago] SNMP Commit exitoso. Filas afectadas: 1
[29-May-2026 13:09:56 America/Santiago] Intentando guardar SNMP: IP=10.85.0.4 Table=sheet_equipos ID=17
[29-May-2026 13:09:57 America/Santiago] SNMP Commit exitoso. Filas afectadas: 1
[29-May-2026 13:09:58 America/Santiago] Intentando guardar SNMP: IP=10.87.0.3 Table=sheet_equipos ID=22
[29-May-2026 13:09:58 America/Santiago] SNMP Commit exitoso. Filas afectadas: 1
[29-May-2026 13:10:27 America/Santiago] Intentando guardar SNMP: IP=- Table=sheet_equipos ID=136
[29-May-2026 13:10:27 America/Santiago] SNMP Commit exitoso. Filas afectadas: 2
[29-May-2026 13:10:28 America/Santiago] Intentando guardar SNMP: IP=10.85.0.3 Table=sheet_equipos ID=16
[29-May-2026 13:10:28 America/Santiago] SNMP Commit exitoso. Filas afectadas: 2
[29-May-2026 13:10:29 America/Santiago] Intentando guardar SNMP: IP=10.85.0.4 Table=sheet_equipos ID=17
[29-May-2026 13:10:29 America/Santiago] SNMP Commit exitoso. Filas afectadas: 2
[29-May-2026 13:10:30 America/Santiago] Intentando guardar SNMP: IP=10.87.0.3 Table=sheet_equipos ID=22
[29-May-2026 13:10:30 America/Santiago] SNMP Commit exitoso. Filas afectadas: 2
[29-May-2026 13:10:31 America/Santiago] Intentando guardar SNMP: IP=10.87.0.4 Table=sheet_equipos ID=23
[29-May-2026 13:10:31 America/Santiago] SNMP Commit exitoso. Filas afectadas: 1
[29-May-2026 13:10:32 America/Santiago] Intentando guardar SNMP: IP=10.91.0.43 Table=sheet_equipos ID=132
[29-May-2026 13:10:32 America/Santiago] SNMP Commit exitoso. Filas afectadas: 1
[29-May-2026 13:10:33 America/Santiago] Intentando guardar SNMP: IP=10.91.0.44 Table=sheet_equipos ID=133
[29-May-2026 13:10:33 America/Santiago] SNMP Commit exitoso. Filas afectadas: 1
[29-May-2026 13:10:34 America/Santiago] Intentando guardar SNMP: IP=10.91.9.59 Table=sheet_equipos ID=58
[29-May-2026 13:10:34 America/Santiago] SNMP Commit exitoso. Filas afectadas: 1
[29-May-2026 13:10:35 America/Santiago] Intentando guardar SNMP: IP=10.91.9.60 Table=sheet_equipos ID=59
[29-May-2026 13:10:35 America/Santiago] SNMP Commit exitoso. Filas afectadas: 1
[29-May-2026 13:10:36 America/Santiago] Intentando guardar SNMP: IP=172.10.10.1 Table=sheet_equipos ID=141
[29-May-2026 13:10:36 America/Santiago] SNMP Commit exitoso. Filas afectadas: 1
[29-May-2026 13:10:39 America/Santiago] Intentando guardar SNMP: IP=172.16.1.1 Table=sheet_equipos ID=145
[29-May-2026 13:10:39 America/Santiago] SNMP Commit exitoso. Filas afectadas: 1
[29-May-2026 13:10:40 America/Santiago] Intentando guardar SNMP: IP=172.16.1.12 Table=sheet_equipos ID=146
[29-May-2026 13:10:40 America/Santiago] SNMP Commit exitoso. Filas afectadas: 1
[29-May-2026 13:10:41 America/Santiago] Intentando guardar SNMP: IP=172.16.1.14 Table=sheet_equipos ID=147
[29-May-2026 13:10:41 America/Santiago] SNMP Commit exitoso. Filas afectadas: 1
[29-May-2026 13:10:42 America/Santiago] Intentando guardar SNMP: IP=172.16.1.20 Table=sheet_equipos ID=148
[29-May-2026 13:10:42 America/Santiago] SNMP Commit exitoso. Filas afectadas: 1
[29-May-2026 13:10:43 America/Santiago] Intentando guardar SNMP: IP=172.16.1.220 Table=sheet_equipos ID=149
[29-May-2026 13:10:43 America/Santiago] SNMP Commit exitoso. Filas afectadas: 1
[01-Jun-2026 10:36:43 America/Santiago] PHP Fatal error:  Cannot redeclare function getPDOWithoutDB() (previously declared in /var/www/html/VILASECA/CMDBPRnew/src/db.php:13) in /var/www/html/VILASECA/CMDBPRnew/src/db.php on line 13
[01-Jun-2026 10:37:01 America/Santiago] PHP Fatal error:  Cannot redeclare function getPDOWithoutDB() (previously declared in /var/www/html/VILASECA/CMDBPRnew/src/db.php:13) in /var/www/html/VILASECA/CMDBPRnew/src/db.php on line 13
[01-Jun-2026 13:04:24 America/Santiago] PHP Fatal error:  Cannot redeclare function getPDOWithoutDB() (previously declared in /var/www/html/VILASECA/CMDBPRnew/src/db.php:13) in /var/www/html/VILASECA/CMDBPRnew/src/db.php on line 13
[01-Jun-2026 13:27:38 America/Santiago] PHP Fatal error:  Uncaught Error: Undefined constant "DB_USER" in Command line code:1
Stack trace:
#0 {main}
  thrown in Command line code on line 1
[01-Jun-2026 19:28:38 UTC] PHP Warning:  session_start(): Session ID is too long or contains illegal characters. Only the A-Z, a-z, 0-9, &quot;-&quot;, and &quot;,&quot; characters are allowed in /var/www/html/VILASECA/CMDBPRnew/config.php on line 91
[01-Jun-2026 19:28:38 UTC] PHP Warning:  session_start(): Failed to read session data: files (path: /var/www/html/VILASECA/CMDBPRnew/storage/sessions_fix) in /var/www/html/VILASECA/CMDBPRnew/config.php on line 91
[01-Jun-2026 15:28:38 America/Santiago] PHP Warning:  session_start(): Session ID is too long or contains illegal characters. Only the A-Z, a-z, 0-9, &quot;-&quot;, and &quot;,&quot; characters are allowed in /var/www/html/VILASECA/CMDBPRnew/src/auth.php on line 7
[01-Jun-2026 15:28:38 America/Santiago] PHP Warning:  session_start(): Failed to read session data: files (path: /var/www/html/VILASECA/CMDBPRnew/storage/sessions_fix) in /var/www/html/VILASECA/CMDBPRnew/src/auth.php on line 7
[01-Jun-2026 15:29:31 America/Santiago] PHP Fatal error:  Cannot redeclare function getPDOWithoutDB() (previously declared in /var/www/html/VILASECA/CMDBPRnew/src/db.php:13) in /var/www/html/VILASECA/CMDBPRnew/src/db.php on line 13
[01-Jun-2026 15:30:03 America/Santiago] PHP Fatal error:  Cannot redeclare function getPDOWithoutDB() (previously declared in /var/www/html/VILASECA/CMDBPRnew/src/db.php:13) in /var/www/html/VILASECA/CMDBPRnew/src/db.php on line 13
[04-Jun-2026 09:45:42 America/Santiago] Acción 'get_cmdb_data_for_zabbix' iniciada. Tablas solicitadas: sheet_equipos
[04-Jun-2026 09:45:42 America/Santiago] Consultando tabla 'sheet_equipos': Se encontraron 155 filas.
[04-Jun-2026 18:39:33 America/Santiago] Intentando guardar SNMP: IP=172.26.189.2 Table=zabbix ID=172.26.189.2
[04-Jun-2026 18:39:33 America/Santiago] SNMP Commit exitoso. Filas afectadas: 1
[04-Jun-2026 18:39:37 America/Santiago] Intentando guardar SNMP: IP=172.32.1.155 Table=zabbix ID=172.32.1.155
[04-Jun-2026 18:39:37 America/Santiago] SNMP Commit exitoso. Filas afectadas: 1
[11-Jun-2026 17:58:06 America/Santiago] PHP Warning:  Undefined array key "groups" in /var/www/html/VILASECA/CMDBPRnew/public/informes/process_grupos.php on line 136
[11-Jun-2026 17:58:06 America/Santiago] PHP Warning:  foreach() argument must be of type array|object, null given in /var/www/html/VILASECA/CMDBPRnew/public/informes/process_grupos.php on line 136
[11-Jun-2026 17:58:06 America/Santiago] PHP Warning:  Undefined array key "groups" in /var/www/html/VILASECA/CMDBPRnew/public/informes/process_grupos.php on line 136
[11-Jun-2026 17:58:06 America/Santiago] PHP Warning:  foreach() argument must be of type array|object, null given in /var/www/html/VILASECA/CMDBPRnew/public/informes/process_grupos.php on line 136
[11-Jun-2026 17:58:06 America/Santiago] PHP Warning:  Undefined array key "groups" in /var/www/html/VILASECA/CMDBPRnew/public/informes/process_grupos.php on line 136
[11-Jun-2026 17:58:06 America/Santiago] PHP Warning:  foreach() argument must be of type array|object, null given in /var/www/html/VILASECA/CMDBPRnew/public/informes/process_grupos.php on line 136
[11-Jun-2026 17:58:06 America/Santiago] PHP Warning:  Undefined array key "groups" in /var/www/html/VILASECA/CMDBPRnew/public/informes/process_grupos.php on line 136
[11-Jun-2026 17:58:06 America/Santiago] PHP Warning:  foreach() argument must be of type array|object, null given in /var/www/html/VILASECA/CMDBPRnew/public/informes/process_grupos.php on line 136
[11-Jun-2026 17:58:06 America/Santiago] PHP Warning:  Undefined array key "groups" in /var/www/html/VILASECA/CMDBPRnew/public/informes/process_grupos.php on line 136
[11-Jun-2026 17:58:06 America/Santiago] PHP Warning:  foreach() argument must be of type array|object, null given in /var/www/html/VILASECA/CMDBPRnew/public/informes/process_grupos.php on line 136
[11-Jun-2026 17:58:06 America/Santiago] PHP Warning:  Undefined array key "groups" in /var/www/html/VILASECA/CMDBPRnew/public/informes/process_grupos.php on line 136
[11-Jun-2026 17:58:06 America/Santiago] PHP Warning:  foreach() argument must be of type array|object, null given in /var/www/html/VILASECA/CMDBPRnew/public/informes/process_grupos.php on line 136
[11-Jun-2026 17:58:06 America/Santiago] PHP Warning:  Undefined array key "groups" in /var/www/html/VILASECA/CMDBPRnew/public/informes/process_grupos.php on line 136
[11-Jun-2026 17:58:06 America/Santiago] PHP Warning:  foreach() argument must be of type array|object, null given in /var/www/html/VILASECA/CMDBPRnew/public/informes/process_grupos.php on line 136
[11-Jun-2026 17:58:06 America/Santiago] PHP Warning:  Undefined array key "groups" in /var/www/html/VILASECA/CMDBPRnew/public/informes/process_grupos.php on line 136
[11-Jun-2026 17:58:06 America/Santiago] PHP Warning:  foreach() argument must be of type array|object, null given in /var/www/html/VILASECA/CMDBPRnew/public/informes/process_grupos.php on line 136
[11-Jun-2026 17:58:06 America/Santiago] PHP Warning:  Undefined array key "groups" in /var/www/html/VILASECA/CMDBPRnew/public/informes/process_grupos.php on line 136
[11-Jun-2026 17:58:06 America/Santiago] PHP Warning:  foreach() argument must be of type array|object, null given in /var/www/html/VILASECA/CMDBPRnew/public/informes/process_grupos.php on line 136
[11-Jun-2026 17:58:06 America/Santiago] PHP Warning:  Undefined array key "groups" in /var/www/html/VILASECA/CMDBPRnew/public/informes/process_grupos.php on line 136
[11-Jun-2026 17:58:06 America/Santiago] PHP Warning:  foreach() argument must be of type array|object, null given in /var/www/html/VILASECA/CMDBPRnew/public/informes/process_grupos.php on line 136
[11-Jun-2026 17:58:06 America/Santiago] PHP Warning:  Undefined array key "groups" in /var/www/html/VILASECA/CMDBPRnew/public/informes/process_grupos.php on line 136
[11-Jun-2026 17:58:06 America/Santiago] PHP Warning:  foreach() argument must be of type array|object, null given in /var/www/html/VILASECA/CMDBPRnew/public/informes/process_grupos.php on line 136
[11-Jun-2026 17:58:06 America/Santiago] PHP Warning:  Undefined array key "groups" in /var/www/html/VILASECA/CMDBPRnew/public/informes/process_grupos.php on line 136
[11-Jun-2026 17:58:06 America/Santiago] PHP Warning:  foreach() argument must be of type array|object, null given in /var/www/html/VILASECA/CMDBPRnew/public/informes/process_grupos.php on line 136
[11-Jun-2026 17:58:06 America/Santiago] PHP Warning:  Undefined array key "groups" in /var/www/html/VILASECA/CMDBPRnew/public/informes/process_grupos.php on line 136
[11-Jun-2026 17:58:06 America/Santiago] PHP Warning:  foreach() argument must be of type array|object, null given in /var/www/html/VILASECA/CMDBPRnew/public/informes/process_grupos.php on line 136
[11-Jun-2026 17:58:06 America/Santiago] PHP Warning:  Undefined array key "groups" in /var/www/html/VILASECA/CMDBPRnew/public/informes/process_grupos.php on line 136
[11-Jun-2026 17:58:06 America/Santiago] PHP Warning:  foreach() argument must be of type array|object, null given in /var/www/html/VILASECA/CMDBPRnew/public/informes/process_grupos.php on line 136
[11-Jun-2026 17:58:06 America/Santiago] PHP Warning:  Undefined array key "groups" in /var/www/html/VILASECA/CMDBPRnew/public/informes/process_grupos.php on line 136
[11-Jun-2026 17:58:06 America/Santiago] PHP Warning:  foreach() argument must be of type array|object, null given in /var/www/html/VILASECA/CMDBPRnew/public/informes/process_grupos.php on line 136
[11-Jun-2026 17:58:06 America/Santiago] PHP Warning:  Undefined array key "groups" in /var/www/html/VILASECA/CMDBPRnew/public/informes/process_grupos.php on line 136
[11-Jun-2026 17:58:06 America/Santiago] PHP Warning:  foreach() argument must be of type array|object, null given in /var/www/html/VILASECA/CMDBPRnew/public/informes/process_grupos.php on line 136
[11-Jun-2026 17:58:06 America/Santiago] PHP Warning:  Undefined array key "groups" in /var/www/html/VILASECA/CMDBPRnew/public/informes/process_grupos.php on line 136
[11-Jun-2026 17:58:06 America/Santiago] PHP Warning:  foreach() argument must be of type array|object, null given in /var/www/html/VILASECA/CMDBPRnew/public/informes/process_grupos.php on line 136
[11-Jun-2026 17:58:06 America/Santiago] PHP Warning:  Undefined array key "groups" in /var/www/html/VILASECA/CMDBPRnew/public/informes/process_grupos.php on line 136
[11-Jun-2026 17:58:06 America/Santiago] PHP Warning:  foreach() argument must be of type array|object, null given in /var/www/html/VILASECA/CMDBPRnew/public/informes/process_grupos.php on line 136
[11-Jun-2026 17:58:06 America/Santiago] PHP Warning:  Undefined array key "groups" in /var/www/html/VILASECA/CMDBPRnew/public/informes/process_grupos.php on line 136
[11-Jun-2026 17:58:06 America/Santiago] PHP Warning:  foreach() argument must be of type array|object, null given in /var/www/html/VILASECA/CMDBPRnew/public/informes/process_grupos.php on line 136
[11-Jun-2026 17:58:06 America/Santiago] PHP Warning:  Undefined array key "groups" in /var/www/html/VILASECA/CMDBPRnew/public/informes/process_grupos.php on line 136
[11-Jun-2026 17:58:06 America/Santiago] PHP Warning:  foreach() argument must be of type array|object, null given in /var/www/html/VILASECA/CMDBPRnew/public/informes/process_grupos.php on line 136
[11-Jun-2026 17:58:06 America/Santiago] PHP Warning:  Undefined array key "groups" in /var/www/html/VILASECA/CMDBPRnew/public/informes/process_grupos.php on line 136
[11-Jun-2026 17:58:06 America/Santiago] PHP Warning:  foreach() argument must be of type array|object, null given in /var/www/html/VILASECA/CMDBPRnew/public/informes/process_grupos.php on line 136
[11-Jun-2026 17:58:06 America/Santiago] PHP Warning:  Undefined array key "groups" in /var/www/html/VILASECA/CMDBPRnew/public/informes/process_grupos.php on line 136
[11-Jun-2026 17:58:06 America/Santiago] PHP Warning:  foreach() argument must be of type array|object, null given in /var/www/html/VILASECA/CMDBPRnew/public/informes/process_grupos.php on line 136
[11-Jun-2026 17:58:06 America/Santiago] PHP Warning:  Undefined array key "groups" in /var/www/html/VILASECA/CMDBPRnew/public/informes/process_grupos.php on line 136
[11-Jun-2026 17:58:06 America/Santiago] PHP Warning:  foreach() argument must be of type array|object, null given in /var/www/html/VILASECA/CMDBPRnew/public/informes/process_grupos.php on line 136
[11-Jun-2026 17:58:06 America/Santiago] PHP Warning:  Undefined array key "groups" in /var/www/html/VILASECA/CMDBPRnew/public/informes/process_grupos.php on line 136
[11-Jun-2026 17:58:06 America/Santiago] PHP Warning:  foreach() argument must be of type array|object, null given in /var/www/html/VILASECA/CMDBPRnew/public/informes/process_grupos.php on line 136
[11-Jun-2026 17:58:06 America/Santiago] PHP Warning:  Undefined array key "groups" in /var/www/html/VILASECA/CMDBPRnew/public/informes/process_grupos.php on line 136
[11-Jun-2026 17:58:06 America/Santiago] PHP Warning:  foreach() argument must be of type array|object, null given in /var/www/html/VILASECA/CMDBPRnew/public/informes/process_grupos.php on line 136
[11-Jun-2026 17:58:06 America/Santiago] PHP Warning:  Undefined array key "groups" in /var/www/html/VILASECA/CMDBPRnew/public/informes/process_grupos.php on line 136
[11-Jun-2026 17:58:06 America/Santiago] PHP Warning:  foreach() argument must be of type array|object, null given in /var/www/html/VILASECA/CMDBPRnew/public/informes/process_grupos.php on line 136
[11-Jun-2026 17:58:06 America/Santiago] PHP Warning:  Undefined array key "groups" in /var/www/html/VILASECA/CMDBPRnew/public/informes/process_grupos.php on line 136
[11-Jun-2026 17:58:06 America/Santiago] PHP Warning:  foreach() argument must be of type array|object, null given in /var/www/html/VILASECA/CMDBPRnew/public/informes/process_grupos.php on line 136
[11-Jun-2026 17:58:06 America/Santiago] PHP Warning:  Undefined array key "groups" in /var/www/html/VILASECA/CMDBPRnew/public/informes/process_grupos.php on line 136
[11-Jun-2026 17:58:06 America/Santiago] PHP Warning:  foreach() argument must be of type array|object, null given in /var/www/html/VILASECA/CMDBPRnew/public/informes/process_grupos.php on line 136
[11-Jun-2026 17:58:06 America/Santiago] PHP Warning:  Undefined array key "groups" in /var/www/html/VILASECA/CMDBPRnew/public/informes/process_grupos.php on line 136
[11-Jun-2026 17:58:06 America/Santiago] PHP Warning:  foreach() argument must be of type array|object, null given in /var/www/html/VILASECA/CMDBPRnew/public/informes/process_grupos.php on line 136
[11-Jun-2026 17:58:06 America/Santiago] PHP Warning:  Undefined array key "groups" in /var/www/html/VILASECA/CMDBPRnew/public/informes/process_grupos.php on line 136
[11-Jun-2026 17:58:06 America/Santiago] PHP Warning:  foreach() argument must be of type array|object, null given in /var/www/html/VILASECA/CMDBPRnew/public/informes/process_grupos.php on line 136
[11-Jun-2026 17:58:06 America/Santiago] PHP Warning:  Undefined array key "groups" in /var/www/html/VILASECA/CMDBPRnew/public/informes/process_grupos.php on line 136
[11-Jun-2026 17:58:06 America/Santiago] PHP Warning:  foreach() argument must be of type array|object, null given in /var/www/html/VILASECA/CMDBPRnew/public/informes/process_grupos.php on line 136
[11-Jun-2026 17:58:06 America/Santiago] PHP Warning:  Undefined array key "groups" in /var/www/html/VILASECA/CMDBPRnew/public/informes/process_grupos.php on line 136
[11-Jun-2026 17:58:06 America/Santiago] PHP Warning:  foreach() argument must be of type array|object, null given in /var/www/html/VILASECA/CMDBPRnew/public/informes/process_grupos.php on line 136
[11-Jun-2026 17:58:06 America/Santiago] PHP Warning:  Undefined array key "groups" in /var/www/html/VILASECA/CMDBPRnew/public/informes/process_grupos.php on line 136
[11-Jun-2026 17:58:06 America/Santiago] PHP Warning:  foreach() argument must be of type array|object, null given in /var/www/html/VILASECA/CMDBPRnew/public/informes/process_grupos.php on line 136
[11-Jun-2026 17:58:06 America/Santiago] PHP Warning:  Undefined array key "groups" in /var/www/html/VILASECA/CMDBPRnew/public/informes/process_grupos.php on line 136
[11-Jun-2026 17:58:06 America/Santiago] PHP Warning:  foreach() argument must be of type array|object, null given in /var/www/html/VILASECA/CMDBPRnew/public/informes/process_grupos.php on line 136
[11-Jun-2026 17:58:06 America/Santiago] PHP Warning:  Undefined array key "groups" in /var/www/html/VILASECA/CMDBPRnew/public/informes/process_grupos.php on line 136
[11-Jun-2026 17:58:06 America/Santiago] PHP Warning:  foreach() argument must be of type array|object, null given in /var/www/html/VILASECA/CMDBPRnew/public/informes/process_grupos.php on line 136
[11-Jun-2026 17:58:06 America/Santiago] PHP Warning:  Undefined array key "groups" in /var/www/html/VILASECA/CMDBPRnew/public/informes/process_grupos.php on line 136
[11-Jun-2026 17:58:06 America/Santiago] PHP Warning:  foreach() argument must be of type array|object, null given in /var/www/html/VILASECA/CMDBPRnew/public/informes/process_grupos.php on line 136
[11-Jun-2026 17:58:06 America/Santiago] PHP Warning:  Undefined array key "groups" in /var/www/html/VILASECA/CMDBPRnew/public/informes/process_grupos.php on line 136
[11-Jun-2026 17:58:06 America/Santiago] PHP Warning:  foreach() argument must be of type array|object, null given in /var/www/html/VILASECA/CMDBPRnew/public/informes/process_grupos.php on line 136
[11-Jun-2026 17:58:06 America/Santiago] PHP Warning:  Undefined array key "groups" in /var/www/html/VILASECA/CMDBPRnew/public/informes/process_grupos.php on line 136
[11-Jun-2026 17:58:06 America/Santiago] PHP Warning:  foreach() argument must be of type array|object, null given in /var/www/html/VILASECA/CMDBPRnew/public/informes/process_grupos.php on line 136
[11-Jun-2026 17:58:06 America/Santiago] PHP Warning:  Undefined array key "groups" in /var/www/html/VILASECA/CMDBPRnew/public/informes/process_grupos.php on line 136
[11-Jun-2026 17:58:06 America/Santiago] PHP Warning:  foreach() argument must be of type array|object, null given in /var/www/html/VILASECA/CMDBPRnew/public/informes/process_grupos.php on line 136
[11-Jun-2026 17:58:06 America/Santiago] PHP Warning:  Undefined array key "groups" in /var/www/html/VILASECA/CMDBPRnew/public/informes/process_grupos.php on line 136
[11-Jun-2026 17:58:06 America/Santiago] PHP Warning:  foreach() argument must be of type array|object, null given in /var/www/html/VILASECA/CMDBPRnew/public/informes/process_grupos.php on line 136
[11-Jun-2026 17:58:06 America/Santiago] PHP Warning:  Undefined array key "groups" in /var/www/html/VILASECA/CMDBPRnew/public/informes/process_grupos.php on line 136
[11-Jun-2026 17:58:06 America/Santiago] PHP Warning:  foreach() argument must be of type array|object, null given in /var/www/html/VILASECA/CMDBPRnew/public/informes/process_grupos.php on line 136
[11-Jun-2026 17:58:06 America/Santiago] PHP Warning:  Undefined array key "groups" in /var/www/html/VILASECA/CMDBPRnew/public/informes/process_grupos.php on line 136
[11-Jun-2026 17:58:06 America/Santiago] PHP Warning:  foreach() argument must be of type array|object, null given in /var/www/html/VILASECA/CMDBPRnew/public/informes/process_grupos.php on line 136
[11-Jun-2026 17:58:06 America/Santiago] PHP Warning:  Undefined array key "groups" in /var/www/html/VILASECA/CMDBPRnew/public/informes/process_grupos.php on line 136
[11-Jun-2026 17:58:06 America/Santiago] PHP Warning:  foreach() argument must be of type array|object, null given in /var/www/html/VILASECA/CMDBPRnew/public/informes/process_grupos.php on line 136
[11-Jun-2026 17:58:06 America/Santiago] PHP Warning:  Undefined array key "groups" in /var/www/html/VILASECA/CMDBPRnew/public/informes/process_grupos.php on line 136
[11-Jun-2026 17:58:06 America/Santiago] PHP Warning:  foreach() argument must be of type array|object, null given in /var/www/html/VILASECA/CMDBPRnew/public/informes/process_grupos.php on line 136
[11-Jun-2026 17:58:06 America/Santiago] PHP Warning:  Undefined array key "groups" in /var/www/html/VILASECA/CMDBPRnew/public/informes/process_grupos.php on line 136
[11-Jun-2026 17:58:06 America/Santiago] PHP Warning:  foreach() argument must be of type array|object, null given in /var/www/html/VILASECA/CMDBPRnew/public/informes/process_grupos.php on line 136
[11-Jun-2026 17:58:06 America/Santiago] PHP Warning:  Undefined array key "groups" in /var/www/html/VILASECA/CMDBPRnew/public/informes/process_grupos.php on line 136
[11-Jun-2026 17:58:06 America/Santiago] PHP Warning:  foreach() argument must be of type array|object, null given in /var/www/html/VILASECA/CMDBPRnew/public/informes/process_grupos.php on line 136
[11-Jun-2026 17:58:06 America/Santiago] PHP Warning:  Undefined array key "groups" in /var/www/html/VILASECA/CMDBPRnew/public/informes/process_grupos.php on line 136
[11-Jun-2026 17:58:06 America/Santiago] PHP Warning:  foreach() argument must be of type array|object, null given in /var/www/html/VILASECA/CMDBPRnew/public/informes/process_grupos.php on line 136
[11-Jun-2026 17:58:06 America/Santiago] PHP Warning:  Undefined array key "groups" in /var/www/html/VILASECA/CMDBPRnew/public/informes/process_grupos.php on line 136
[11-Jun-2026 17:58:06 America/Santiago] PHP Warning:  foreach() argument must be of type array|object, null given in /var/www/html/VILASECA/CMDBPRnew/public/informes/process_grupos.php on line 136
[11-Jun-2026 17:58:06 America/Santiago] PHP Warning:  Undefined array key "groups" in /var/www/html/VILASECA/CMDBPRnew/public/informes/process_grupos.php on line 136
[11-Jun-2026 17:58:06 America/Santiago] PHP Warning:  foreach() argument must be of type array|object, null given in /var/www/html/VILASECA/CMDBPRnew/public/informes/process_grupos.php on line 136
[11-Jun-2026 17:58:06 America/Santiago] PHP Warning:  Undefined array key "groups" in /var/www/html/VILASECA/CMDBPRnew/public/informes/process_grupos.php on line 136
[11-Jun-2026 17:58:06 America/Santiago] PHP Warning:  foreach() argument must be of type array|object, null given in /var/www/html/VILASECA/CMDBPRnew/public/informes/process_grupos.php on line 136
[11-Jun-2026 17:58:06 America/Santiago] PHP Warning:  Undefined array key "groups" in /var/www/html/VILASECA/CMDBPRnew/public/informes/process_grupos.php on line 136
[11-Jun-2026 17:58:06 America/Santiago] PHP Warning:  foreach() argument must be of type array|object, null given in /var/www/html/VILASECA/CMDBPRnew/public/informes/process_grupos.php on line 136
[11-Jun-2026 17:58:06 America/Santiago] PHP Warning:  Undefined array key "groups" in /var/www/html/VILASECA/CMDBPRnew/public/informes/process_grupos.php on line 136
[11-Jun-2026 17:58:06 America/Santiago] PHP Warning:  foreach() argument must be of type array|object, null given in /var/www/html/VILASECA/CMDBPRnew/public/informes/process_grupos.php on line 136
[11-Jun-2026 17:58:06 America/Santiago] PHP Warning:  Undefined array key "groups" in /var/www/html/VILASECA/CMDBPRnew/public/informes/process_grupos.php on line 136
[11-Jun-2026 17:58:06 America/Santiago] PHP Warning:  foreach() argument must be of type array|object, null given in /var/www/html/VILASECA/CMDBPRnew/public/informes/process_grupos.php on line 136
[11-Jun-2026 17:58:06 America/Santiago] PHP Warning:  Undefined array key "groups" in /var/www/html/VILASECA/CMDBPRnew/public/informes/process_grupos.php on line 136
[11-Jun-2026 17:58:06 America/Santiago] PHP Warning:  foreach() argument must be of type array|object, null given in /var/www/html/VILASECA/CMDBPRnew/public/informes/process_grupos.php on line 136
[11-Jun-2026 17:58:06 America/Santiago] PHP Warning:  Undefined array key "groups" in /var/www/html/VILASECA/CMDBPRnew/public/informes/process_grupos.php on line 136
[11-Jun-2026 17:58:06 America/Santiago] PHP Warning:  foreach() argument must be of type array|object, null given in /var/www/html/VILASECA/CMDBPRnew/public/informes/process_grupos.php on line 136
[11-Jun-2026 17:58:06 America/Santiago] PHP Warning:  Undefined array key "groups" in /var/www/html/VILASECA/CMDBPRnew/public/informes/process_grupos.php on line 136
[11-Jun-2026 17:58:06 America/Santiago] PHP Warning:  foreach() argument must be of type array|object, null given in /var/www/html/VILASECA/CMDBPRnew/public/informes/process_grupos.php on line 136
[11-Jun-2026 17:58:06 America/Santiago] PHP Warning:  Undefined array key "groups" in /var/www/html/VILASECA/CMDBPRnew/public/informes/process_grupos.php on line 136
[11-Jun-2026 17:58:06 America/Santiago] PHP Warning:  foreach() argument must be of type array|object, null given in /var/www/html/VILASECA/CMDBPRnew/public/informes/process_grupos.php on line 136
[11-Jun-2026 17:58:06 America/Santiago] PHP Warning:  Undefined array key "groups" in /var/www/html/VILASECA/CMDBPRnew/public/informes/process_grupos.php on line 136
[11-Jun-2026 17:58:06 America/Santiago] PHP Warning:  foreach() argument must be of type array|object, null given in /var/www/html/VILASECA/CMDBPRnew/public/informes/process_grupos.php on line 136
[11-Jun-2026 17:58:06 America/Santiago] PHP Warning:  Undefined array key "groups" in /var/www/html/VILASECA/CMDBPRnew/public/informes/process_grupos.php on line 136
[11-Jun-2026 17:58:06 America/Santiago] PHP Warning:  foreach() argument must be of type array|object, null given in /var/www/html/VILASECA/CMDBPRnew/public/informes/process_grupos.php on line 136
[11-Jun-2026 17:58:06 America/Santiago] PHP Warning:  Undefined array key "groups" in /var/www/html/VILASECA/CMDBPRnew/public/informes/process_grupos.php on line 136
[11-Jun-2026 17:58:06 America/Santiago] PHP Warning:  foreach() argument must be of type array|object, null given in /var/www/html/VILASECA/CMDBPRnew/public/informes/process_grupos.php on line 136
[11-Jun-2026 17:58:06 America/Santiago] PHP Warning:  Undefined array key "groups" in /var/www/html/VILASECA/CMDBPRnew/public/informes/process_grupos.php on line 136
[11-Jun-2026 17:58:06 America/Santiago] PHP Warning:  foreach() argument must be of type array|object, null given in /var/www/html/VILASECA/CMDBPRnew/public/informes/process_grupos.php on line 136
[11-Jun-2026 17:58:06 America/Santiago] PHP Warning:  Undefined array key "groups" in /var/www/html/VILASECA/CMDBPRnew/public/informes/process_grupos.php on line 136
[11-Jun-2026 17:58:06 America/Santiago] PHP Warning:  foreach() argument must be of type array|object, null given in /var/www/html/VILASECA/CMDBPRnew/public/informes/process_grupos.php on line 136
[11-Jun-2026 17:58:06 America/Santiago] PHP Warning:  Undefined array key "groups" in /var/www/html/VILASECA/CMDBPRnew/public/informes/process_grupos.php on line 136
[11-Jun-2026 17:58:06 America/Santiago] PHP Warning:  foreach() argument must be of type array|object, null given in /var/www/html/VILASECA/CMDBPRnew/public/informes/process_grupos.php on line 136
[11-Jun-2026 17:58:06 America/Santiago] PHP Warning:  Undefined array key "groups" in /var/www/html/VILASECA/CMDBPRnew/public/informes/process_grupos.php on line 136
[11-Jun-2026 17:58:06 America/Santiago] PHP Warning:  foreach() argument must be of type array|object, null given in /var/www/html/VILASECA/CMDBPRnew/public/informes/process_grupos.php on line 136
[11-Jun-2026 17:58:06 America/Santiago] PHP Warning:  Undefined array key "groups" in /var/www/html/VILASECA/CMDBPRnew/public/informes/process_grupos.php on line 136
[11-Jun-2026 17:58:06 America/Santiago] PHP Warning:  foreach() argument must be of type array|object, null given in /var/www/html/VILASECA/CMDBPRnew/public/informes/process_grupos.php on line 136
[11-Jun-2026 17:58:06 America/Santiago] PHP Warning:  Undefined array key "groups" in /var/www/html/VILASECA/CMDBPRnew/public/informes/process_grupos.php on line 136
[11-Jun-2026 17:58:06 America/Santiago] PHP Warning:  foreach() argument must be of type array|object, null given in /var/www/html/VILASECA/CMDBPRnew/public/informes/process_grupos.php on line 136
[11-Jun-2026 17:58:06 America/Santiago] PHP Warning:  Undefined array key "groups" in /var/www/html/VILASECA/CMDBPRnew/public/informes/process_grupos.php on line 136
[11-Jun-2026 17:58:06 America/Santiago] PHP Warning:  foreach() argument must be of type array|object, null given in /var/www/html/VILASECA/CMDBPRnew/public/informes/process_grupos.php on line 136
[11-Jun-2026 17:58:06 America/Santiago] PHP Warning:  Undefined array key "groups" in /var/www/html/VILASECA/CMDBPRnew/public/informes/process_grupos.php on line 136
[11-Jun-2026 17:58:06 America/Santiago] PHP Warning:  foreach() argument must be of type array|object, null given in /var/www/html/VILASECA/CMDBPRnew/public/informes/process_grupos.php on line 136
[11-Jun-2026 17:58:06 America/Santiago] PHP Warning:  Undefined array key "groups" in /var/www/html/VILASECA/CMDBPRnew/public/informes/process_grupos.php on line 136
[11-Jun-2026 17:58:06 America/Santiago] PHP Warning:  foreach() argument must be of type array|object, null given in /var/www/html/VILASECA/CMDBPRnew/public/informes/process_grupos.php on line 136
[11-Jun-2026 17:58:06 America/Santiago] PHP Warning:  Undefined array key "groups" in /var/www/html/VILASECA/CMDBPRnew/public/informes/process_grupos.php on line 136
[11-Jun-2026 17:58:06 America/Santiago] PHP Warning:  foreach() argument must be of type array|object, null given in /var/www/html/VILASECA/CMDBPRnew/public/informes/process_grupos.php on line 136
[11-Jun-2026 17:58:06 America/Santiago] PHP Warning:  Undefined array key "groups" in /var/www/html/VILASECA/CMDBPRnew/public/informes/process_grupos.php on line 136
[11-Jun-2026 17:58:06 America/Santiago] PHP Warning:  foreach() argument must be of type array|object, null given in /var/www/html/VILASECA/CMDBPRnew/public/informes/process_grupos.php on line 136
[11-Jun-2026 17:58:06 America/Santiago] PHP Warning:  Undefined array key "groups" in /var/www/html/VILASECA/CMDBPRnew/public/informes/process_grupos.php on line 136
[11-Jun-2026 17:58:06 America/Santiago] PHP Warning:  foreach() argument must be of type array|object, null given in /var/www/html/VILASECA/CMDBPRnew/public/informes/process_grupos.php on line 136
[11-Jun-2026 17:58:06 America/Santiago] PHP Warning:  Undefined array key "groups" in /var/www/html/VILASECA/CMDBPRnew/public/informes/process_grupos.php on line 136
[11-Jun-2026 17:58:06 America/Santiago] PHP Warning:  foreach() argument must be of type array|object, null given in /var/www/html/VILASECA/CMDBPRnew/public/informes/process_grupos.php on line 136
[11-Jun-2026 17:58:06 America/Santiago] PHP Warning:  Undefined array key "groups" in /var/www/html/VILASECA/CMDBPRnew/public/informes/process_grupos.php on line 136
[11-Jun-2026 17:58:06 America/Santiago] PHP Warning:  foreach() argument must be of type array|object, null given in /var/www/html/VILASECA/CMDBPRnew/public/informes/process_grupos.php on line 136
[11-Jun-2026 17:58:06 America/Santiago] PHP Warning:  Undefined array key "groups" in /var/www/html/VILASECA/CMDBPRnew/public/informes/process_grupos.php on line 136
[11-Jun-2026 17:58:06 America/Santiago] PHP Warning:  foreach() argument must be of type array|object, null given in /var/www/html/VILASECA/CMDBPRnew/public/informes/process_grupos.php on line 136
[11-Jun-2026 17:58:06 America/Santiago] PHP Warning:  Undefined array key "groups" in /var/www/html/VILASECA/CMDBPRnew/public/informes/process_grupos.php on line 136
[11-Jun-2026 17:58:06 America/Santiago] PHP Warning:  foreach() argument must be of type array|object, null given in /var/www/html/VILASECA/CMDBPRnew/public/informes/process_grupos.php on line 136
[11-Jun-2026 17:58:06 America/Santiago] PHP Warning:  Undefined array key "groups" in /var/www/html/VILASECA/CMDBPRnew/public/informes/process_grupos.php on line 136
[11-Jun-2026 17:58:06 America/Santiago] PHP Warning:  foreach() argument must be of type array|object, null given in /var/www/html/VILASECA/CMDBPRnew/public/informes/process_grupos.php on line 136
[11-Jun-2026 17:58:06 America/Santiago] PHP Warning:  Undefined array key "groups" in /var/www/html/VILASECA/CMDBPRnew/public/informes/process_grupos.php on line 136
[11-Jun-2026 17:58:06 America/Santiago] PHP Warning:  foreach() argument must be of type array|object, null given in /var/www/html/VILASECA/CMDBPRnew/public/informes/process_grupos.php on line 136
[11-Jun-2026 17:58:06 America/Santiago] PHP Warning:  Undefined array key "groups" in /var/www/html/VILASECA/CMDBPRnew/public/informes/process_grupos.php on line 136
[11-Jun-2026 17:58:06 America/Santiago] PHP Warning:  foreach() argument must be of type array|object, null given in /var/www/html/VILASECA/CMDBPRnew/public/informes/process_grupos.php on line 136
[11-Jun-2026 17:58:06 America/Santiago] PHP Warning:  Undefined array key "groups" in /var/www/html/VILASECA/CMDBPRnew/public/informes/process_grupos.php on line 136
[11-Jun-2026 17:58:06 America/Santiago] PHP Warning:  foreach() argument must be of type array|object, null given in /var/www/html/VILASECA/CMDBPRnew/public/informes/process_grupos.php on line 136
[11-Jun-2026 17:58:06 America/Santiago] PHP Warning:  Undefined array key "groups" in /var/www/html/VILASECA/CMDBPRnew/public/informes/process_grupos.php on line 136
[11-Jun-2026 17:58:06 America/Santiago] PHP Warning:  foreach() argument must be of type array|object, null given in /var/www/html/VILASECA/CMDBPRnew/public/informes/process_grupos.php on line 136
[11-Jun-2026 17:58:06 America/Santiago] PHP Warning:  Undefined array key "groups" in /var/www/html/VILASECA/CMDBPRnew/public/informes/process_grupos.php on line 136
[11-Jun-2026 17:58:06 America/Santiago] PHP Warning:  foreach() argument must be of type array|object, null given in /var/www/html/VILASECA/CMDBPRnew/public/informes/process_grupos.php on line 136
[11-Jun-2026 17:58:06 America/Santiago] PHP Warning:  Undefined array key "groups" in /var/www/html/VILASECA/CMDBPRnew/public/informes/process_grupos.php on line 136
[11-Jun-2026 17:58:06 America/Santiago] PHP Warning:  foreach() argument must be of type array|object, null given in /var/www/html/VILASECA/CMDBPRnew/public/informes/process_grupos.php on line 136
[11-Jun-2026 17:58:06 America/Santiago] PHP Warning:  Undefined array key "groups" in /var/www/html/VILASECA/CMDBPRnew/public/informes/process_grupos.php on line 136
[11-Jun-2026 17:58:06 America/Santiago] PHP Warning:  foreach() argument must be of type array|object, null given in /var/www/html/VILASECA/CMDBPRnew/public/informes/process_grupos.php on line 136
[11-Jun-2026 17:58:06 America/Santiago] PHP Warning:  Undefined array key "groups" in /var/www/html/VILASECA/CMDBPRnew/public/informes/process_grupos.php on line 136
[11-Jun-2026 17:58:06 America/Santiago] PHP Warning:  foreach() argument must be of type array|object, null given in /var/www/html/VILASECA/CMDBPRnew/public/informes/process_grupos.php on line 136
[11-Jun-2026 17:58:06 America/Santiago] PHP Warning:  Undefined array key "groups" in /var/www/html/VILASECA/CMDBPRnew/public/informes/process_grupos.php on line 136
[11-Jun-2026 17:58:06 America/Santiago] PHP Warning:  foreach() argument must be of type array|object, null given in /var/www/html/VILASECA/CMDBPRnew/public/informes/process_grupos.php on line 136
[11-Jun-2026 17:58:06 America/Santiago] PHP Warning:  Undefined array key "groups" in /var/www/html/VILASECA/CMDBPRnew/public/informes/process_grupos.php on line 136
[11-Jun-2026 17:58:06 America/Santiago] PHP Warning:  foreach() argument must be of type array|object, null given in /var/www/html/VILASECA/CMDBPRnew/public/informes/process_grupos.php on line 136
[11-Jun-2026 17:58:06 America/Santiago] PHP Warning:  Undefined array key "groups" in /var/www/html/VILASECA/CMDBPRnew/public/informes/process_grupos.php on line 136
[11-Jun-2026 17:58:06 America/Santiago] PHP Warning:  foreach() argument must be of type array|object, null given in /var/www/html/VILASECA/CMDBPRnew/public/informes/process_grupos.php on line 136
[11-Jun-2026 17:58:06 America/Santiago] PHP Warning:  Undefined array key "groups" in /var/www/html/VILASECA/CMDBPRnew/public/informes/process_grupos.php on line 136
[11-Jun-2026 17:58:06 America/Santiago] PHP Warning:  foreach() argument must be of type array|object, null given in /var/www/html/VILASECA/CMDBPRnew/public/informes/process_grupos.php on line 136
[11-Jun-2026 17:58:06 America/Santiago] PHP Warning:  Undefined array key "groups" in /var/www/html/VILASECA/CMDBPRnew/public/informes/process_grupos.php on line 136
[11-Jun-2026 17:58:06 America/Santiago] PHP Warning:  foreach() argument must be of type array|object, null given in /var/www/html/VILASECA/CMDBPRnew/public/informes/process_grupos.php on line 136
[11-Jun-2026 17:58:06 America/Santiago] PHP Warning:  Undefined array key "groups" in /var/www/html/VILASECA/CMDBPRnew/public/informes/process_grupos.php on line 136
[11-Jun-2026 17:58:06 America/Santiago] PHP Warning:  foreach() argument must be of type array|object, null given in /var/www/html/VILASECA/CMDBPRnew/public/informes/process_grupos.php on line 136
[11-Jun-2026 17:58:06 America/Santiago] PHP Warning:  Undefined array key "groups" in /var/www/html/VILASECA/CMDBPRnew/public/informes/process_grupos.php on line 136
[11-Jun-2026 17:58:06 America/Santiago] PHP Warning:  foreach() argument must be of type array|object, null given in /var/www/html/VILASECA/CMDBPRnew/public/informes/process_grupos.php on line 136
[11-Jun-2026 17:58:06 America/Santiago] PHP Warning:  Undefined variable $days_in_analysis in /var/www/html/VILASECA/CMDBPRnew/public/informes/process_grupos.php on line 382
[11-Jun-2026 17:58:06 America/Santiago] PHP Warning:  mkdir(): Permission denied in /var/www/html/VILASECA/CMDBPRnew/public/informes/process_grupos.php on line 396
[11-Jun-2026 17:58:06 America/Santiago] PHP Warning:  file_put_contents(/var/www/html/VILASECA/CMDBPRnew/public/informes/resultado/disponibilidad_grupos_20260611_175806.json): Failed to open stream: No such file or directory in /var/www/html/VILASECA/CMDBPRnew/public/informes/process_grupos.php on line 399
[11-Jun-2026 18:00:01 America/Santiago] PHP Warning:  Undefined array key "groups" in /var/www/html/VILASECA/CMDBPRnew/public/informes/process_grupos.php on line 136
[11-Jun-2026 18:00:01 America/Santiago] PHP Warning:  foreach() argument must be of type array|object, null given in /var/www/html/VILASECA/CMDBPRnew/public/informes/process_grupos.php on line 136
[11-Jun-2026 18:00:01 America/Santiago] PHP Warning:  Undefined array key "groups" in /var/www/html/VILASECA/CMDBPRnew/public/informes/process_grupos.php on line 136
[11-Jun-2026 18:00:01 America/Santiago] PHP Warning:  foreach() argument must be of type array|object, null given in /var/www/html/VILASECA/CMDBPRnew/public/informes/process_grupos.php on line 136
[11-Jun-2026 18:00:01 America/Santiago] PHP Warning:  Undefined array key "groups" in /var/www/html/VILASECA/CMDBPRnew/public/informes/process_grupos.php on line 136
[11-Jun-2026 18:00:01 America/Santiago] PHP Warning:  foreach() argument must be of type array|object, null given in /var/www/html/VILASECA/CMDBPRnew/public/informes/process_grupos.php on line 136
[11-Jun-2026 18:00:01 America/Santiago] PHP Warning:  Undefined array key "groups" in /var/www/html/VILASECA/CMDBPRnew/public/informes/process_grupos.php on line 136
[11-Jun-2026 18:00:01 America/Santiago] PHP Warning:  foreach() argument must be of type array|object, null given in /var/www/html/VILASECA/CMDBPRnew/public/informes/process_grupos.php on line 136
[11-Jun-2026 18:00:01 America/Santiago] PHP Warning:  Undefined array key "groups" in /var/www/html/VILASECA/CMDBPRnew/public/informes/process_grupos.php on line 136
[11-Jun-2026 18:00:01 America/Santiago] PHP Warning:  foreach() argument must be of type array|object, null given in /var/www/html/VILASECA/CMDBPRnew/public/informes/process_grupos.php on line 136
[11-Jun-2026 18:00:01 America/Santiago] PHP Warning:  Undefined array key "groups" in /var/www/html/VILASECA/CMDBPRnew/public/informes/process_grupos.php on line 136
[11-Jun-2026 18:00:01 America/Santiago] PHP Warning:  foreach() argument must be of type array|object, null given in /var/www/html/VILASECA/CMDBPRnew/public/informes/process_grupos.php on line 136
[11-Jun-2026 18:00:01 America/Santiago] PHP Warning:  Undefined array key "groups" in /var/www/html/VILASECA/CMDBPRnew/public/informes/process_grupos.php on line 136
[11-Jun-2026 18:00:01 America/Santiago] PHP Warning:  foreach() argument must be of type array|object, null given in /var/www/html/VILASECA/CMDBPRnew/public/informes/process_grupos.php on line 136
[11-Jun-2026 18:00:01 America/Santiago] PHP Warning:  Undefined array key "groups" in /var/www/html/VILASECA/CMDBPRnew/public/informes/process_grupos.php on line 136
[11-Jun-2026 18:00:01 America/Santiago] PHP Warning:  foreach() argument must be of type array|object, null given in /var/www/html/VILASECA/CMDBPRnew/public/informes/process_grupos.php on line 136
[11-Jun-2026 18:00:01 America/Santiago] PHP Warning:  Undefined array key "groups" in /var/www/html/VILASECA/CMDBPRnew/public/informes/process_grupos.php on line 136
[11-Jun-2026 18:00:01 America/Santiago] PHP Warning:  foreach() argument must be of type array|object, null given in /var/www/html/VILASECA/CMDBPRnew/public/informes/process_grupos.php on line 136
[11-Jun-2026 18:00:01 America/Santiago] PHP Warning:  Undefined array key "groups" in /var/www/html/VILASECA/CMDBPRnew/public/informes/process_grupos.php on line 136
[11-Jun-2026 18:00:01 America/Santiago] PHP Warning:  foreach() argument must be of type array|object, null given in /var/www/html/VILASECA/CMDBPRnew/public/informes/process_grupos.php on line 136
[11-Jun-2026 18:00:01 America/Santiago] PHP Warning:  Undefined array key "groups" in /var/www/html/VILASECA/CMDBPRnew/public/informes/process_grupos.php on line 136
[11-Jun-2026 18:00:01 America/Santiago] PHP Warning:  foreach() argument must be of type array|object, null given in /var/www/html/VILASECA/CMDBPRnew/public/informes/process_grupos.php on line 136
[11-Jun-2026 18:00:01 America/Santiago] PHP Warning:  Undefined array key "groups" in /var/www/html/VILASECA/CMDBPRnew/public/informes/process_grupos.php on line 136
[11-Jun-2026 18:00:01 America/Santiago] PHP Warning:  foreach() argument must be of type array|object, null given in /var/www/html/VILASECA/CMDBPRnew/public/informes/process_grupos.php on line 136
[11-Jun-2026 18:00:01 America/Santiago] PHP Warning:  Undefined array key "groups" in /var/www/html/VILASECA/CMDBPRnew/public/informes/process_grupos.php on line 136
[11-Jun-2026 18:00:01 America/Santiago] PHP Warning:  foreach() argument must be of type array|object, null given in /var/www/html/VILASECA/CMDBPRnew/public/informes/process_grupos.php on line 136
[11-Jun-2026 18:00:01 America/Santiago] PHP Warning:  Undefined array key "groups" in /var/www/html/VILASECA/CMDBPRnew/public/informes/process_grupos.php on line 136
[11-Jun-2026 18:00:01 America/Santiago] PHP Warning:  foreach() argument must be of type array|object, null given in /var/www/html/VILASECA/CMDBPRnew/public/informes/process_grupos.php on line 136
[11-Jun-2026 18:00:01 America/Santiago] PHP Warning:  Undefined array key "groups" in /var/www/html/VILASECA/CMDBPRnew/public/informes/process_grupos.php on line 136
[11-Jun-2026 18:00:01 America/Santiago] PHP Warning:  foreach() argument must be of type array|object, null given in /var/www/html/VILASECA/CMDBPRnew/public/informes/process_grupos.php on line 136
[11-Jun-2026 18:00:01 America/Santiago] PHP Warning:  Undefined array key "groups" in /var/www/html/VILASECA/CMDBPRnew/public/informes/process_grupos.php on line 136
[11-Jun-2026 18:00:01 America/Santiago] PHP Warning:  foreach() argument must be of type array|object, null given in /var/www/html/VILASECA/CMDBPRnew/public/informes/process_grupos.php on line 136
[11-Jun-2026 18:00:01 America/Santiago] PHP Warning:  Undefined array key "groups" in /var/www/html/VILASECA/CMDBPRnew/public/informes/process_grupos.php on line 136
[11-Jun-2026 18:00:01 America/Santiago] PHP Warning:  foreach() argument must be of type array|object, null given in /var/www/html/VILASECA/CMDBPRnew/public/informes/process_grupos.php on line 136
[11-Jun-2026 18:00:01 America/Santiago] PHP Warning:  Undefined array key "groups" in /var/www/html/VILASECA/CMDBPRnew/public/informes/process_grupos.php on line 136
[11-Jun-2026 18:00:01 America/Santiago] PHP Warning:  foreach() argument must be of type array|object, null given in /var/www/html/VILASECA/CMDBPRnew/public/informes/process_grupos.php on line 136
[11-Jun-2026 18:00:01 America/Santiago] PHP Warning:  Undefined array key "groups" in /var/www/html/VILASECA/CMDBPRnew/public/informes/process_grupos.php on line 136
[11-Jun-2026 18:00:01 America/Santiago] PHP Warning:  foreach() argument must be of type array|object, null given in /var/www/html/VILASECA/CMDBPRnew/public/informes/process_grupos.php on line 136
[11-Jun-2026 18:00:01 America/Santiago] PHP Warning:  Undefined array key "groups" in /var/www/html/VILASECA/CMDBPRnew/public/informes/process_grupos.php on line 136
[11-Jun-2026 18:00:01 America/Santiago] PHP Warning:  foreach() argument must be of type array|object, null given in /var/www/html/VILASECA/CMDBPRnew/public/informes/process_grupos.php on line 136
[11-Jun-2026 18:00:01 America/Santiago] PHP Warning:  Undefined array key "groups" in /var/www/html/VILASECA/CMDBPRnew/public/informes/process_grupos.php on line 136
[11-Jun-2026 18:00:01 America/Santiago] PHP Warning:  foreach() argument must be of type array|object, null given in /var/www/html/VILASECA/CMDBPRnew/public/informes/process_grupos.php on line 136
[11-Jun-2026 18:00:01 America/Santiago] PHP Warning:  Undefined array key "groups" in /var/www/html/VILASECA/CMDBPRnew/public/informes/process_grupos.php on line 136
[11-Jun-2026 18:00:01 America/Santiago] PHP Warning:  foreach() argument must be of type array|object, null given in /var/www/html/VILASECA/CMDBPRnew/public/informes/process_grupos.php on line 136
[11-Jun-2026 18:00:01 America/Santiago] PHP Warning:  Undefined array key "groups" in /var/www/html/VILASECA/CMDBPRnew/public/informes/process_grupos.php on line 136
[11-Jun-2026 18:00:01 America/Santiago] PHP Warning:  foreach() argument must be of type array|object, null given in /var/www/html/VILASECA/CMDBPRnew/public/informes/process_grupos.php on line 136
[11-Jun-2026 18:00:01 America/Santiago] PHP Warning:  Undefined array key "groups" in /var/www/html/VILASECA/CMDBPRnew/public/informes/process_grupos.php on line 136
[11-Jun-2026 18:00:01 America/Santiago] PHP Warning:  foreach() argument must be of type array|object, null given in /var/www/html/VILASECA/CMDBPRnew/public/informes/process_grupos.php on line 136
[11-Jun-2026 18:00:01 America/Santiago] PHP Warning:  Undefined array key "groups" in /var/www/html/VILASECA/CMDBPRnew/public/informes/process_grupos.php on line 136
[11-Jun-2026 18:00:01 America/Santiago] PHP Warning:  foreach() argument must be of type array|object, null given in /var/www/html/VILASECA/CMDBPRnew/public/informes/process_grupos.php on line 136
[11-Jun-2026 18:00:01 America/Santiago] PHP Warning:  Undefined array key "groups" in /var/www/html/VILASECA/CMDBPRnew/public/informes/process_grupos.php on line 136
[11-Jun-2026 18:00:01 America/Santiago] PHP Warning:  foreach() argument must be of type array|object, null given in /var/www/html/VILASECA/CMDBPRnew/public/informes/process_grupos.php on line 136
[11-Jun-2026 18:00:01 America/Santiago] PHP Warning:  Undefined array key "groups" in /var/www/html/VILASECA/CMDBPRnew/public/informes/process_grupos.php on line 136
[11-Jun-2026 18:00:01 America/Santiago] PHP Warning:  foreach() argument must be of type array|object, null given in /var/www/html/VILASECA/CMDBPRnew/public/informes/process_grupos.php on line 136
[11-Jun-2026 18:00:01 America/Santiago] PHP Warning:  Undefined array key "groups" in /var/www/html/VILASECA/CMDBPRnew/public/informes/process_grupos.php on line 136
[11-Jun-2026 18:00:01 America/Santiago] PHP Warning:  foreach() argument must be of type array|object, null given in /var/www/html/VILASECA/CMDBPRnew/public/informes/process_grupos.php on line 136
[11-Jun-2026 18:00:01 America/Santiago] PHP Warning:  Undefined array key "groups" in /var/www/html/VILASECA/CMDBPRnew/public/informes/process_grupos.php on line 136
[11-Jun-2026 18:00:01 America/Santiago] PHP Warning:  foreach() argument must be of type array|object, null given in /var/www/html/VILASECA/CMDBPRnew/public/informes/process_grupos.php on line 136
[11-Jun-2026 18:00:01 America/Santiago] PHP Warning:  Undefined array key "groups" in /var/www/html/VILASECA/CMDBPRnew/public/informes/process_grupos.php on line 136
[11-Jun-2026 18:00:01 America/Santiago] PHP Warning:  foreach() argument must be of type array|object, null given in /var/www/html/VILASECA/CMDBPRnew/public/informes/process_grupos.php on line 136
[11-Jun-2026 18:00:01 America/Santiago] PHP Warning:  Undefined array key "groups" in /var/www/html/VILASECA/CMDBPRnew/public/informes/process_grupos.php on line 136
[11-Jun-2026 18:00:01 America/Santiago] PHP Warning:  foreach() argument must be of type array|object, null given in /var/www/html/VILASECA/CMDBPRnew/public/informes/process_grupos.php on line 136
[11-Jun-2026 18:00:01 America/Santiago] PHP Warning:  Undefined array key "groups" in /var/www/html/VILASECA/CMDBPRnew/public/informes/process_grupos.php on line 136
[11-Jun-2026 18:00:01 America/Santiago] PHP Warning:  foreach() argument must be of type array|object, null given in /var/www/html/VILASECA/CMDBPRnew/public/informes/process_grupos.php on line 136
[11-Jun-2026 18:00:01 America/Santiago] PHP Warning:  Undefined array key "groups" in /var/www/html/VILASECA/CMDBPRnew/public/informes/process_grupos.php on line 136
[11-Jun-2026 18:00:01 America/Santiago] PHP Warning:  foreach() argument must be of type array|object, null given in /var/www/html/VILASECA/CMDBPRnew/public/informes/process_grupos.php on line 136
[11-Jun-2026 18:00:01 America/Santiago] PHP Warning:  Undefined array key "groups" in /var/www/html/VILASECA/CMDBPRnew/public/informes/process_grupos.php on line 136
[11-Jun-2026 18:00:01 America/Santiago] PHP Warning:  foreach() argument must be of type array|object, null given in /var/www/html/VILASECA/CMDBPRnew/public/informes/process_grupos.php on line 136
[11-Jun-2026 18:00:01 America/Santiago] PHP Warning:  Undefined array key "groups" in /var/www/html/VILASECA/CMDBPRnew/public/informes/process_grupos.php on line 136
[11-Jun-2026 18:00:01 America/Santiago] PHP Warning:  foreach() argument must be of type array|object, null given in /var/www/html/VILASECA/CMDBPRnew/public/informes/process_grupos.php on line 136
[11-Jun-2026 18:00:01 America/Santiago] PHP Warning:  Undefined array key "groups" in /var/www/html/VILASECA/CMDBPRnew/public/informes/process_grupos.php on line 136
[11-Jun-2026 18:00:01 America/Santiago] PHP Warning:  foreach() argument must be of type array|object, null given in /var/www/html/VILASECA/CMDBPRnew/public/informes/process_grupos.php on line 136
[11-Jun-2026 18:00:01 America/Santiago] PHP Warning:  Undefined array key "groups" in /var/www/html/VILASECA/CMDBPRnew/public/informes/process_grupos.php on line 136
[11-Jun-2026 18:00:01 America/Santiago] PHP Warning:  foreach() argument must be of type array|object, null given in /var/www/html/VILASECA/CMDBPRnew/public/informes/process_grupos.php on line 136
[11-Jun-2026 18:00:01 America/Santiago] PHP Warning:  Undefined array key "groups" in /var/www/html/VILASECA/CMDBPRnew/public/informes/process_grupos.php on line 136
[11-Jun-2026 18:00:01 America/Santiago] PHP Warning:  foreach() argument must be of type array|object, null given in /var/www/html/VILASECA/CMDBPRnew/public/informes/process_grupos.php on line 136
[11-Jun-2026 18:00:01 America/Santiago] PHP Warning:  Undefined array key "groups" in /var/www/html/VILASECA/CMDBPRnew/public/informes/process_grupos.php on line 136
[11-Jun-2026 18:00:01 America/Santiago] PHP Warning:  foreach() argument must be of type array|object, null given in /var/www/html/VILASECA/CMDBPRnew/public/informes/process_grupos.php on line 136
[11-Jun-2026 18:00:01 America/Santiago] PHP Warning:  Undefined array key "groups" in /var/www/html/VILASECA/CMDBPRnew/public/informes/process_grupos.php on line 136
[11-Jun-2026 18:00:01 America/Santiago] PHP Warning:  foreach() argument must be of type array|object, null given in /var/www/html/VILASECA/CMDBPRnew/public/informes/process_grupos.php on line 136
[11-Jun-2026 18:00:01 America/Santiago] PHP Warning:  Undefined array key "groups" in /var/www/html/VILASECA/CMDBPRnew/public/informes/process_grupos.php on line 136
[11-Jun-2026 18:00:01 America/Santiago] PHP Warning:  foreach() argument must be of type array|object, null given in /var/www/html/VILASECA/CMDBPRnew/public/informes/process_grupos.php on line 136
[11-Jun-2026 18:00:01 America/Santiago] PHP Warning:  Undefined array key "groups" in /var/www/html/VILASECA/CMDBPRnew/public/informes/process_grupos.php on line 136
[11-Jun-2026 18:00:01 America/Santiago] PHP Warning:  foreach() argument must be of type array|object, null given in /var/www/html/VILASECA/CMDBPRnew/public/informes/process_grupos.php on line 136
[11-Jun-2026 18:00:01 America/Santiago] PHP Warning:  Undefined array key "groups" in /var/www/html/VILASECA/CMDBPRnew/public/informes/process_grupos.php on line 136
[11-Jun-2026 18:00:01 America/Santiago] PHP Warning:  foreach() argument must be of type array|object, null given in /var/www/html/VILASECA/CMDBPRnew/public/informes/process_grupos.php on line 136
[11-Jun-2026 18:00:01 America/Santiago] PHP Warning:  Undefined array key "groups" in /var/www/html/VILASECA/CMDBPRnew/public/informes/process_grupos.php on line 136
[11-Jun-2026 18:00:01 America/Santiago] PHP Warning:  foreach() argument must be of type array|object, null given in /var/www/html/VILASECA/CMDBPRnew/public/informes/process_grupos.php on line 136
[11-Jun-2026 18:00:01 America/Santiago] PHP Warning:  Undefined array key "groups" in /var/www/html/VILASECA/CMDBPRnew/public/informes/process_grupos.php on line 136
[11-Jun-2026 18:00:01 America/Santiago] PHP Warning:  foreach() argument must be of type array|object, null given in /var/www/html/VILASECA/CMDBPRnew/public/informes/process_grupos.php on line 136
[11-Jun-2026 18:00:01 America/Santiago] PHP Warning:  Undefined array key "groups" in /var/www/html/VILASECA/CMDBPRnew/public/informes/process_grupos.php on line 136
[11-Jun-2026 18:00:01 America/Santiago] PHP Warning:  foreach() argument must be of type array|object, null given in /var/www/html/VILASECA/CMDBPRnew/public/informes/process_grupos.php on line 136
[11-Jun-2026 18:00:01 America/Santiago] PHP Warning:  Undefined array key "groups" in /var/www/html/VILASECA/CMDBPRnew/public/informes/process_grupos.php on line 136
[11-Jun-2026 18:00:01 America/Santiago] PHP Warning:  foreach() argument must be of type array|object, null given in /var/www/html/VILASECA/CMDBPRnew/public/informes/process_grupos.php on line 136
[11-Jun-2026 18:00:01 America/Santiago] PHP Warning:  Undefined array key "groups" in /var/www/html/VILASECA/CMDBPRnew/public/informes/process_grupos.php on line 136
[11-Jun-2026 18:00:01 America/Santiago] PHP Warning:  foreach() argument must be of type array|object, null given in /var/www/html/VILASECA/CMDBPRnew/public/informes/process_grupos.php on line 136
[11-Jun-2026 18:00:01 America/Santiago] PHP Warning:  Undefined array key "groups" in /var/www/html/VILASECA/CMDBPRnew/public/informes/process_grupos.php on line 136
[11-Jun-2026 18:00:01 America/Santiago] PHP Warning:  foreach() argument must be of type array|object, null given in /var/www/html/VILASECA/CMDBPRnew/public/informes/process_grupos.php on line 136
[11-Jun-2026 18:00:01 America/Santiago] PHP Warning:  Undefined array key "groups" in /var/www/html/VILASECA/CMDBPRnew/public/informes/process_grupos.php on line 136
[11-Jun-2026 18:00:01 America/Santiago] PHP Warning:  foreach() argument must be of type array|object, null given in /var/www/html/VILASECA/CMDBPRnew/public/informes/process_grupos.php on line 136
[11-Jun-2026 18:00:01 America/Santiago] PHP Warning:  Undefined array key "groups" in /var/www/html/VILASECA/CMDBPRnew/public/informes/process_grupos.php on line 136
[11-Jun-2026 18:00:01 America/Santiago] PHP Warning:  foreach() argument must be of type array|object, null given in /var/www/html/VILASECA/CMDBPRnew/public/informes/process_grupos.php on line 136
[11-Jun-2026 18:00:01 America/Santiago] PHP Warning:  Undefined array key "groups" in /var/www/html/VILASECA/CMDBPRnew/public/informes/process_grupos.php on line 136
[11-Jun-2026 18:00:01 America/Santiago] PHP Warning:  foreach() argument must be of type array|object, null given in /var/www/html/VILASECA/CMDBPRnew/public/informes/process_grupos.php on line 136
[11-Jun-2026 18:00:01 America/Santiago] PHP Warning:  Undefined array key "groups" in /var/www/html/VILASECA/CMDBPRnew/public/informes/process_grupos.php on line 136
[11-Jun-2026 18:00:01 America/Santiago] PHP Warning:  foreach() argument must be of type array|object, null given in /var/www/html/VILASECA/CMDBPRnew/public/informes/process_grupos.php on line 136
[11-Jun-2026 18:00:01 America/Santiago] PHP Warning:  Undefined array key "groups" in /var/www/html/VILASECA/CMDBPRnew/public/informes/process_grupos.php on line 136
[11-Jun-2026 18:00:01 America/Santiago] PHP Warning:  foreach() argument must be of type array|object, null given in /var/www/html/VILASECA/CMDBPRnew/public/informes/process_grupos.php on line 136
[11-Jun-2026 18:00:01 America/Santiago] PHP Warning:  Undefined array key "groups" in /var/www/html/VILASECA/CMDBPRnew/public/informes/process_grupos.php on line 136
[11-Jun-2026 18:00:01 America/Santiago] PHP Warning:  foreach() argument must be of type array|object, null given in /var/www/html/VILASECA/CMDBPRnew/public/informes/process_grupos.php on line 136
[11-Jun-2026 18:00:01 America/Santiago] PHP Warning:  Undefined array key "groups" in /var/www/html/VILASECA/CMDBPRnew/public/informes/process_grupos.php on line 136
[11-Jun-2026 18:00:01 America/Santiago] PHP Warning:  foreach() argument must be of type array|object, null given in /var/www/html/VILASECA/CMDBPRnew/public/informes/process_grupos.php on line 136
[11-Jun-2026 18:00:01 America/Santiago] PHP Warning:  Undefined array key "groups" in /var/www/html/VILASECA/CMDBPRnew/public/informes/process_grupos.php on line 136
[11-Jun-2026 18:00:01 America/Santiago] PHP Warning:  foreach() argument must be of type array|object, null given in /var/www/html/VILASECA/CMDBPRnew/public/informes/process_grupos.php on line 136
[11-Jun-2026 18:00:01 America/Santiago] PHP Warning:  Undefined array key "groups" in /var/www/html/VILASECA/CMDBPRnew/public/informes/process_grupos.php on line 136
[11-Jun-2026 18:00:01 America/Santiago] PHP Warning:  foreach() argument must be of type array|object, null given in /var/www/html/VILASECA/CMDBPRnew/public/informes/process_grupos.php on line 136
[11-Jun-2026 18:00:01 America/Santiago] PHP Warning:  Undefined array key "groups" in /var/www/html/VILASECA/CMDBPRnew/public/informes/process_grupos.php on line 136
[11-Jun-2026 18:00:01 America/Santiago] PHP Warning:  foreach() argument must be of type array|object, null given in /var/www/html/VILASECA/CMDBPRnew/public/informes/process_grupos.php on line 136
[11-Jun-2026 18:00:01 America/Santiago] PHP Warning:  Undefined array key "groups" in /var/www/html/VILASECA/CMDBPRnew/public/informes/process_grupos.php on line 136
[11-Jun-2026 18:00:01 America/Santiago] PHP Warning:  foreach() argument must be of type array|object, null given in /var/www/html/VILASECA/CMDBPRnew/public/informes/process_grupos.php on line 136
[11-Jun-2026 18:00:01 America/Santiago] PHP Warning:  Undefined array key "groups" in /var/www/html/VILASECA/CMDBPRnew/public/informes/process_grupos.php on line 136
[11-Jun-2026 18:00:01 America/Santiago] PHP Warning:  foreach() argument must be of type array|object, null given in /var/www/html/VILASECA/CMDBPRnew/public/informes/process_grupos.php on line 136
[11-Jun-2026 18:00:01 America/Santiago] PHP Warning:  Undefined array key "groups" in /var/www/html/VILASECA/CMDBPRnew/public/informes/process_grupos.php on line 136
[11-Jun-2026 18:00:01 America/Santiago] PHP Warning:  foreach() argument must be of type array|object, null given in /var/www/html/VILASECA/CMDBPRnew/public/informes/process_grupos.php on line 136
[11-Jun-2026 18:00:01 America/Santiago] PHP Warning:  Undefined array key "groups" in /var/www/html/VILASECA/CMDBPRnew/public/informes/process_grupos.php on line 136
[11-Jun-2026 18:00:01 America/Santiago] PHP Warning:  foreach() argument must be of type array|object, null given in /var/www/html/VILASECA/CMDBPRnew/public/informes/process_grupos.php on line 136
[11-Jun-2026 18:00:01 America/Santiago] PHP Warning:  Undefined array key "groups" in /var/www/html/VILASECA/CMDBPRnew/public/informes/process_grupos.php on line 136
[11-Jun-2026 18:00:01 America/Santiago] PHP Warning:  foreach() argument must be of type array|object, null given in /var/www/html/VILASECA/CMDBPRnew/public/informes/process_grupos.php on line 136
[11-Jun-2026 18:00:01 America/Santiago] PHP Warning:  Undefined array key "groups" in /var/www/html/VILASECA/CMDBPRnew/public/informes/process_grupos.php on line 136
[11-Jun-2026 18:00:01 America/Santiago] PHP Warning:  foreach() argument must be of type array|object, null given in /var/www/html/VILASECA/CMDBPRnew/public/informes/process_grupos.php on line 136
[11-Jun-2026 18:00:01 America/Santiago] PHP Warning:  Undefined array key "groups" in /var/www/html/VILASECA/CMDBPRnew/public/informes/process_grupos.php on line 136
[11-Jun-2026 18:00:01 America/Santiago] PHP Warning:  foreach() argument must be of type array|object, null given in /var/www/html/VILASECA/CMDBPRnew/public/informes/process_grupos.php on line 136
[11-Jun-2026 18:00:01 America/Santiago] PHP Warning:  Undefined array key "groups" in /var/www/html/VILASECA/CMDBPRnew/public/informes/process_grupos.php on line 136
[11-Jun-2026 18:00:01 America/Santiago] PHP Warning:  foreach() argument must be of type array|object, null given in /var/www/html/VILASECA/CMDBPRnew/public/informes/process_grupos.php on line 136
[11-Jun-2026 18:00:01 America/Santiago] PHP Warning:  Undefined array key "groups" in /var/www/html/VILASECA/CMDBPRnew/public/informes/process_grupos.php on line 136
[11-Jun-2026 18:00:01 America/Santiago] PHP Warning:  foreach() argument must be of type array|object, null given in /var/www/html/VILASECA/CMDBPRnew/public/informes/process_grupos.php on line 136
[11-Jun-2026 18:00:01 America/Santiago] PHP Warning:  Undefined array key "groups" in /var/www/html/VILASECA/CMDBPRnew/public/informes/process_grupos.php on line 136
[11-Jun-2026 18:00:01 America/Santiago] PHP Warning:  foreach() argument must be of type array|object, null given in /var/www/html/VILASECA/CMDBPRnew/public/informes/process_grupos.php on line 136
[11-Jun-2026 18:00:01 America/Santiago] PHP Warning:  Undefined array key "groups" in /var/www/html/VILASECA/CMDBPRnew/public/informes/process_grupos.php on line 136
[11-Jun-2026 18:00:01 America/Santiago] PHP Warning:  foreach() argument must be of type array|object, null given in /var/www/html/VILASECA/CMDBPRnew/public/informes/process_grupos.php on line 136
[11-Jun-2026 18:00:01 America/Santiago] PHP Warning:  Undefined array key "groups" in /var/www/html/VILASECA/CMDBPRnew/public/informes/process_grupos.php on line 136
[11-Jun-2026 18:00:01 America/Santiago] PHP Warning:  foreach() argument must be of type array|object, null given in /var/www/html/VILASECA/CMDBPRnew/public/informes/process_grupos.php on line 136
[11-Jun-2026 18:00:01 America/Santiago] PHP Warning:  Undefined array key "groups" in /var/www/html/VILASECA/CMDBPRnew/public/informes/process_grupos.php on line 136
[11-Jun-2026 18:00:01 America/Santiago] PHP Warning:  foreach() argument must be of type array|object, null given in /var/www/html/VILASECA/CMDBPRnew/public/informes/process_grupos.php on line 136
[11-Jun-2026 18:00:01 America/Santiago] PHP Warning:  Undefined array key "groups" in /var/www/html/VILASECA/CMDBPRnew/public/informes/process_grupos.php on line 136
[11-Jun-2026 18:00:01 America/Santiago] PHP Warning:  foreach() argument must be of type array|object, null given in /var/www/html/VILASECA/CMDBPRnew/public/informes/process_grupos.php on line 136
[11-Jun-2026 18:00:01 America/Santiago] PHP Warning:  Undefined array key "groups" in /var/www/html/VILASECA/CMDBPRnew/public/informes/process_grupos.php on line 136
[11-Jun-2026 18:00:01 America/Santiago] PHP Warning:  foreach() argument must be of type array|object, null given in /var/www/html/VILASECA/CMDBPRnew/public/informes/process_grupos.php on line 136
[11-Jun-2026 18:00:01 America/Santiago] PHP Warning:  Undefined array key "groups" in /var/www/html/VILASECA/CMDBPRnew/public/informes/process_grupos.php on line 136
[11-Jun-2026 18:00:01 America/Santiago] PHP Warning:  foreach() argument must be of type array|object, null given in /var/www/html/VILASECA/CMDBPRnew/public/informes/process_grupos.php on line 136
[11-Jun-2026 18:00:01 America/Santiago] PHP Warning:  Undefined array key "groups" in /var/www/html/VILASECA/CMDBPRnew/public/informes/process_grupos.php on line 136
[11-Jun-2026 18:00:01 America/Santiago] PHP Warning:  foreach() argument must be of type array|object, null given in /var/www/html/VILASECA/CMDBPRnew/public/informes/process_grupos.php on line 136
[11-Jun-2026 18:00:01 America/Santiago] PHP Warning:  Undefined array key "groups" in /var/www/html/VILASECA/CMDBPRnew/public/informes/process_grupos.php on line 136
[11-Jun-2026 18:00:01 America/Santiago] PHP Warning:  foreach() argument must be of type array|object, null given in /var/www/html/VILASECA/CMDBPRnew/public/informes/process_grupos.php on line 136
[11-Jun-2026 18:00:01 America/Santiago] PHP Warning:  Undefined array key "groups" in /var/www/html/VILASECA/CMDBPRnew/public/informes/process_grupos.php on line 136
[11-Jun-2026 18:00:01 America/Santiago] PHP Warning:  foreach() argument must be of type array|object, null given in /var/www/html/VILASECA/CMDBPRnew/public/informes/process_grupos.php on line 136
[11-Jun-2026 18:00:01 America/Santiago] PHP Warning:  Undefined array key "groups" in /var/www/html/VILASECA/CMDBPRnew/public/informes/process_grupos.php on line 136
[11-Jun-2026 18:00:01 America/Santiago] PHP Warning:  foreach() argument must be of type array|object, null given in /var/www/html/VILASECA/CMDBPRnew/public/informes/process_grupos.php on line 136
[11-Jun-2026 18:00:01 America/Santiago] PHP Warning:  Undefined array key "groups" in /var/www/html/VILASECA/CMDBPRnew/public/informes/process_grupos.php on line 136
[11-Jun-2026 18:00:01 America/Santiago] PHP Warning:  foreach() argument must be of type array|object, null given in /var/www/html/VILASECA/CMDBPRnew/public/informes/process_grupos.php on line 136
[11-Jun-2026 18:00:01 America/Santiago] PHP Warning:  Undefined array key "groups" in /var/www/html/VILASECA/CMDBPRnew/public/informes/process_grupos.php on line 136
[11-Jun-2026 18:00:01 America/Santiago] PHP Warning:  foreach() argument must be of type array|object, null given in /var/www/html/VILASECA/CMDBPRnew/public/informes/process_grupos.php on line 136
[11-Jun-2026 18:00:01 America/Santiago] PHP Warning:  Undefined array key "groups" in /var/www/html/VILASECA/CMDBPRnew/public/informes/process_grupos.php on line 136
[11-Jun-2026 18:00:01 America/Santiago] PHP Warning:  foreach() argument must be of type array|object, null given in /var/www/html/VILASECA/CMDBPRnew/public/informes/process_grupos.php on line 136
[11-Jun-2026 18:00:01 America/Santiago] PHP Warning:  Undefined array key "groups" in /var/www/html/VILASECA/CMDBPRnew/public/informes/process_grupos.php on line 136
[11-Jun-2026 18:00:01 America/Santiago] PHP Warning:  foreach() argument must be of type array|object, null given in /var/www/html/VILASECA/CMDBPRnew/public/informes/process_grupos.php on line 136
[11-Jun-2026 18:00:01 America/Santiago] PHP Warning:  Undefined array key "groups" in /var/www/html/VILASECA/CMDBPRnew/public/informes/process_grupos.php on line 136
[11-Jun-2026 18:00:01 America/Santiago] PHP Warning:  foreach() argument must be of type array|object, null given in /var/www/html/VILASECA/CMDBPRnew/public/informes/process_grupos.php on line 136
[11-Jun-2026 18:00:01 America/Santiago] PHP Warning:  Undefined array key "groups" in /var/www/html/VILASECA/CMDBPRnew/public/informes/process_grupos.php on line 136
[11-Jun-2026 18:00:01 America/Santiago] PHP Warning:  foreach() argument must be of type array|object, null given in /var/www/html/VILASECA/CMDBPRnew/public/informes/process_grupos.php on line 136
[11-Jun-2026 18:00:01 America/Santiago] PHP Warning:  Undefined array key "groups" in /var/www/html/VILASECA/CMDBPRnew/public/informes/process_grupos.php on line 136
[11-Jun-2026 18:00:01 America/Santiago] PHP Warning:  foreach() argument must be of type array|object, null given in /var/www/html/VILASECA/CMDBPRnew/public/informes/process_grupos.php on line 136
[11-Jun-2026 18:00:01 America/Santiago] PHP Warning:  Undefined array key "groups" in /var/www/html/VILASECA/CMDBPRnew/public/informes/process_grupos.php on line 136
[11-Jun-2026 18:00:01 America/Santiago] PHP Warning:  foreach() argument must be of type array|object, null given in /var/www/html/VILASECA/CMDBPRnew/public/informes/process_grupos.php on line 136
[11-Jun-2026 18:00:01 America/Santiago] PHP Warning:  Undefined array key "groups" in /var/www/html/VILASECA/CMDBPRnew/public/informes/process_grupos.php on line 136
[11-Jun-2026 18:00:01 America/Santiago] PHP Warning:  foreach() argument must be of type array|object, null given in /var/www/html/VILASECA/CMDBPRnew/public/informes/process_grupos.php on line 136
[11-Jun-2026 18:00:01 America/Santiago] PHP Warning:  Undefined array key "groups" in /var/www/html/VILASECA/CMDBPRnew/public/informes/process_grupos.php on line 136
[11-Jun-2026 18:00:01 America/Santiago] PHP Warning:  foreach() argument must be of type array|object, null given in /var/www/html/VILASECA/CMDBPRnew/public/informes/process_grupos.php on line 136
[11-Jun-2026 18:00:01 America/Santiago] PHP Warning:  Undefined array key "groups" in /var/www/html/VILASECA/CMDBPRnew/public/informes/process_grupos.php on line 136
[11-Jun-2026 18:00:01 America/Santiago] PHP Warning:  foreach() argument must be of type array|object, null given in /var/www/html/VILASECA/CMDBPRnew/public/informes/process_grupos.php on line 136
[11-Jun-2026 18:00:01 America/Santiago] PHP Warning:  Undefined array key "groups" in /var/www/html/VILASECA/CMDBPRnew/public/informes/process_grupos.php on line 136
[11-Jun-2026 18:00:01 America/Santiago] PHP Warning:  foreach() argument must be of type array|object, null given in /var/www/html/VILASECA/CMDBPRnew/public/informes/process_grupos.php on line 136
[11-Jun-2026 18:00:01 America/Santiago] PHP Warning:  Undefined array key "groups" in /var/www/html/VILASECA/CMDBPRnew/public/informes/process_grupos.php on line 136
[11-Jun-2026 18:00:01 America/Santiago] PHP Warning:  foreach() argument must be of type array|object, null given in /var/www/html/VILASECA/CMDBPRnew/public/informes/process_grupos.php on line 136
[11-Jun-2026 18:00:02 America/Santiago] PHP Warning:  Undefined variable $days_in_analysis in /var/www/html/VILASECA/CMDBPRnew/public/informes/process_grupos.php on line 382
[11-Jun-2026 18:00:02 America/Santiago] PHP Warning:  mkdir(): Permission denied in /var/www/html/VILASECA/CMDBPRnew/public/informes/process_grupos.php on line 396
[11-Jun-2026 18:00:02 America/Santiago] PHP Warning:  file_put_contents(/var/www/html/VILASECA/CMDBPRnew/public/informes/resultado/disponibilidad_grupos_20260611_180002.json): Failed to open stream: No such file or directory in /var/www/html/VILASECA/CMDBPRnew/public/informes/process_grupos.php on line 399
[11-Jun-2026 18:00:15 America/Santiago] PHP Warning:  mkdir(): Permission denied in /var/www/html/VILASECA/CMDBPRnew/public/informes/process_report.php on line 383
[11-Jun-2026 18:00:15 America/Santiago] PHP Warning:  file_put_contents(/var/www/html/VILASECA/CMDBPRnew/public/informes/resultado/disponibilidad_20260611_180015.json): Failed to open stream: No such file or directory in /var/www/html/VILASECA/CMDBPRnew/public/informes/process_report.php on line 393
[11-Jun-2026 18:00:56 America/Santiago] PHP Warning:  Undefined array key "groups" in /var/www/html/VILASECA/CMDBPRnew/public/informes/process_grupos.php on line 138
[11-Jun-2026 18:00:56 America/Santiago] PHP Warning:  foreach() argument must be of type array|object, null given in /var/www/html/VILASECA/CMDBPRnew/public/informes/process_grupos.php on line 138
[11-Jun-2026 18:00:56 America/Santiago] PHP Warning:  Undefined array key "groups" in /var/www/html/VILASECA/CMDBPRnew/public/informes/process_grupos.php on line 138
[11-Jun-2026 18:00:56 America/Santiago] PHP Warning:  foreach() argument must be of type array|object, null given in /var/www/html/VILASECA/CMDBPRnew/public/informes/process_grupos.php on line 138
[11-Jun-2026 18:00:56 America/Santiago] PHP Warning:  Undefined array key "groups" in /var/www/html/VILASECA/CMDBPRnew/public/informes/process_grupos.php on line 138
[11-Jun-2026 18:00:56 America/Santiago] PHP Warning:  foreach() argument must be of type array|object, null given in /var/www/html/VILASECA/CMDBPRnew/public/informes/process_grupos.php on line 138
[11-Jun-2026 18:00:56 America/Santiago] PHP Warning:  Undefined array key "groups" in /var/www/html/VILASECA/CMDBPRnew/public/informes/process_grupos.php on line 138
[11-Jun-2026 18:00:56 America/Santiago] PHP Warning:  foreach() argument must be of type array|object, null given in /var/www/html/VILASECA/CMDBPRnew/public/informes/process_grupos.php on line 138
[11-Jun-2026 18:00:56 America/Santiago] PHP Warning:  Undefined array key "groups" in /var/www/html/VILASECA/CMDBPRnew/public/informes/process_grupos.php on line 138
[11-Jun-2026 18:00:56 America/Santiago] PHP Warning:  foreach() argument must be of type array|object, null given in /var/www/html/VILASECA/CMDBPRnew/public/informes/process_grupos.php on line 138
[11-Jun-2026 18:00:56 America/Santiago] PHP Warning:  Undefined array key "groups" in /var/www/html/VILASECA/CMDBPRnew/public/informes/process_grupos.php on line 138
[11-Jun-2026 18:00:56 America/Santiago] PHP Warning:  foreach() argument must be of type array|object, null given in /var/www/html/VILASECA/CMDBPRnew/public/informes/process_grupos.php on line 138
[11-Jun-2026 18:00:56 America/Santiago] PHP Warning:  Undefined array key "groups" in /var/www/html/VILASECA/CMDBPRnew/public/informes/process_grupos.php on line 138
[11-Jun-2026 18:00:56 America/Santiago] PHP Warning:  foreach() argument must be of type array|object, null given in /var/www/html/VILASECA/CMDBPRnew/public/informes/process_grupos.php on line 138
[11-Jun-2026 18:00:56 America/Santiago] PHP Warning:  Undefined array key "groups" in /var/www/html/VILASECA/CMDBPRnew/public/informes/process_grupos.php on line 138
[11-Jun-2026 18:00:56 America/Santiago] PHP Warning:  foreach() argument must be of type array|object, null given in /var/www/html/VILASECA/CMDBPRnew/public/informes/process_grupos.php on line 138
[11-Jun-2026 18:00:56 America/Santiago] PHP Warning:  Undefined array key "groups" in /var/www/html/VILASECA/CMDBPRnew/public/informes/process_grupos.php on line 138
[11-Jun-2026 18:00:56 America/Santiago] PHP Warning:  foreach() argument must be of type array|object, null given in /var/www/html/VILASECA/CMDBPRnew/public/informes/process_grupos.php on line 138
[11-Jun-2026 18:00:56 America/Santiago] PHP Warning:  Undefined array key "groups" in /var/www/html/VILASECA/CMDBPRnew/public/informes/process_grupos.php on line 138
[11-Jun-2026 18:00:56 America/Santiago] PHP Warning:  foreach() argument must be of type array|object, null given in /var/www/html/VILASECA/CMDBPRnew/public/informes/process_grupos.php on line 138
[11-Jun-2026 18:00:56 America/Santiago] PHP Warning:  Undefined array key "groups" in /var/www/html/VILASECA/CMDBPRnew/public/informes/process_grupos.php on line 138
[11-Jun-2026 18:00:56 America/Santiago] PHP Warning:  foreach() argument must be of type array|object, null given in /var/www/html/VILASECA/CMDBPRnew/public/informes/process_grupos.php on line 138
[11-Jun-2026 18:00:56 America/Santiago] PHP Warning:  Undefined array key "groups" in /var/www/html/VILASECA/CMDBPRnew/public/informes/process_grupos.php on line 138
[11-Jun-2026 18:00:56 America/Santiago] PHP Warning:  foreach() argument must be of type array|object, null given in /var/www/html/VILASECA/CMDBPRnew/public/informes/process_grupos.php on line 138
[11-Jun-2026 18:00:56 America/Santiago] PHP Warning:  Undefined array key "groups" in /var/www/html/VILASECA/CMDBPRnew/public/informes/process_grupos.php on line 138
[11-Jun-2026 18:00:56 America/Santiago] PHP Warning:  foreach() argument must be of type array|object, null given in /var/www/html/VILASECA/CMDBPRnew/public/informes/process_grupos.php on line 138
[11-Jun-2026 18:00:56 America/Santiago] PHP Warning:  Undefined array key "groups" in /var/www/html/VILASECA/CMDBPRnew/public/informes/process_grupos.php on line 138
[11-Jun-2026 18:00:56 America/Santiago] PHP Warning:  foreach() argument must be of type array|object, null given in /var/www/html/VILASECA/CMDBPRnew/public/informes/process_grupos.php on line 138
[11-Jun-2026 18:00:56 America/Santiago] PHP Warning:  Undefined array key "groups" in /var/www/html/VILASECA/CMDBPRnew/public/informes/process_grupos.php on line 138
[11-Jun-2026 18:00:56 America/Santiago] PHP Warning:  foreach() argument must be of type array|object, null given in /var/www/html/VILASECA/CMDBPRnew/public/informes/process_grupos.php on line 138
[11-Jun-2026 18:00:56 America/Santiago] PHP Warning:  Undefined array key "groups" in /var/www/html/VILASECA/CMDBPRnew/public/informes/process_grupos.php on line 138
[11-Jun-2026 18:00:56 America/Santiago] PHP Warning:  foreach() argument must be of type array|object, null given in /var/www/html/VILASECA/CMDBPRnew/public/informes/process_grupos.php on line 138
[11-Jun-2026 18:00:56 America/Santiago] PHP Warning:  Undefined array key "groups" in /var/www/html/VILASECA/CMDBPRnew/public/informes/process_grupos.php on line 138
[11-Jun-2026 18:00:56 America/Santiago] PHP Warning:  foreach() argument must be of type array|object, null given in /var/www/html/VILASECA/CMDBPRnew/public/informes/process_grupos.php on line 138
[11-Jun-2026 18:00:56 America/Santiago] PHP Warning:  Undefined array key "groups" in /var/www/html/VILASECA/CMDBPRnew/public/informes/process_grupos.php on line 138
[11-Jun-2026 18:00:56 America/Santiago] PHP Warning:  foreach() argument must be of type array|object, null given in /var/www/html/VILASECA/CMDBPRnew/public/informes/process_grupos.php on line 138
[11-Jun-2026 18:00:56 America/Santiago] PHP Warning:  Undefined array key "groups" in /var/www/html/VILASECA/CMDBPRnew/public/informes/process_grupos.php on line 138
[11-Jun-2026 18:00:56 America/Santiago] PHP Warning:  foreach() argument must be of type array|object, null given in /var/www/html/VILASECA/CMDBPRnew/public/informes/process_grupos.php on line 138
[11-Jun-2026 18:00:56 America/Santiago] PHP Warning:  Undefined array key "groups" in /var/www/html/VILASECA/CMDBPRnew/public/informes/process_grupos.php on line 138
[11-Jun-2026 18:00:56 America/Santiago] PHP Warning:  foreach() argument must be of type array|object, null given in /var/www/html/VILASECA/CMDBPRnew/public/informes/process_grupos.php on line 138
[11-Jun-2026 18:00:56 America/Santiago] PHP Warning:  Undefined array key "groups" in /var/www/html/VILASECA/CMDBPRnew/public/informes/process_grupos.php on line 138
[11-Jun-2026 18:00:56 America/Santiago] PHP Warning:  foreach() argument must be of type array|object, null given in /var/www/html/VILASECA/CMDBPRnew/public/informes/process_grupos.php on line 138
[11-Jun-2026 18:00:56 America/Santiago] PHP Warning:  Undefined array key "groups" in /var/www/html/VILASECA/CMDBPRnew/public/informes/process_grupos.php on line 138
[11-Jun-2026 18:00:56 America/Santiago] PHP Warning:  foreach() argument must be of type array|object, null given in /var/www/html/VILASECA/CMDBPRnew/public/informes/process_grupos.php on line 138
[11-Jun-2026 18:00:56 America/Santiago] PHP Warning:  Undefined array key "groups" in /var/www/html/VILASECA/CMDBPRnew/public/informes/process_grupos.php on line 138
[11-Jun-2026 18:00:56 America/Santiago] PHP Warning:  foreach() argument must be of type array|object, null given in /var/www/html/VILASECA/CMDBPRnew/public/informes/process_grupos.php on line 138
[11-Jun-2026 18:00:56 America/Santiago] PHP Warning:  Undefined array key "groups" in /var/www/html/VILASECA/CMDBPRnew/public/informes/process_grupos.php on line 138
[11-Jun-2026 18:00:56 America/Santiago] PHP Warning:  foreach() argument must be of type array|object, null given in /var/www/html/VILASECA/CMDBPRnew/public/informes/process_grupos.php on line 138
[11-Jun-2026 18:00:56 America/Santiago] PHP Warning:  Undefined array key "groups" in /var/www/html/VILASECA/CMDBPRnew/public/informes/process_grupos.php on line 138
[11-Jun-2026 18:00:56 America/Santiago] PHP Warning:  foreach() argument must be of type array|object, null given in /var/www/html/VILASECA/CMDBPRnew/public/informes/process_grupos.php on line 138
[11-Jun-2026 18:00:56 America/Santiago] PHP Warning:  Undefined array key "groups" in /var/www/html/VILASECA/CMDBPRnew/public/informes/process_grupos.php on line 138
[11-Jun-2026 18:00:56 America/Santiago] PHP Warning:  foreach() argument must be of type array|object, null given in /var/www/html/VILASECA/CMDBPRnew/public/informes/process_grupos.php on line 138
[11-Jun-2026 18:00:56 America/Santiago] PHP Warning:  Undefined array key "groups" in /var/www/html/VILASECA/CMDBPRnew/public/informes/process_grupos.php on line 138
[11-Jun-2026 18:00:56 America/Santiago] PHP Warning:  foreach() argument must be of type array|object, null given in /var/www/html/VILASECA/CMDBPRnew/public/informes/process_grupos.php on line 138
[11-Jun-2026 18:00:56 America/Santiago] PHP Warning:  Undefined array key "groups" in /var/www/html/VILASECA/CMDBPRnew/public/informes/process_grupos.php on line 138
[11-Jun-2026 18:00:56 America/Santiago] PHP Warning:  foreach() argument must be of type array|object, null given in /var/www/html/VILASECA/CMDBPRnew/public/informes/process_grupos.php on line 138
[11-Jun-2026 18:00:56 America/Santiago] PHP Warning:  Undefined array key "groups" in /var/www/html/VILASECA/CMDBPRnew/public/informes/process_grupos.php on line 138
[11-Jun-2026 18:00:56 America/Santiago] PHP Warning:  foreach() argument must be of type array|object, null given in /var/www/html/VILASECA/CMDBPRnew/public/informes/process_grupos.php on line 138
[11-Jun-2026 18:00:56 America/Santiago] PHP Warning:  Undefined array key "groups" in /var/www/html/VILASECA/CMDBPRnew/public/informes/process_grupos.php on line 138
[11-Jun-2026 18:00:56 America/Santiago] PHP Warning:  foreach() argument must be of type array|object, null given in /var/www/html/VILASECA/CMDBPRnew/public/informes/process_grupos.php on line 138
[11-Jun-2026 18:00:56 America/Santiago] PHP Warning:  Undefined array key "groups" in /var/www/html/VILASECA/CMDBPRnew/public/informes/process_grupos.php on line 138
[11-Jun-2026 18:00:56 America/Santiago] PHP Warning:  foreach() argument must be of type array|object, null given in /var/www/html/VILASECA/CMDBPRnew/public/informes/process_grupos.php on line 138
[11-Jun-2026 18:00:56 America/Santiago] PHP Warning:  Undefined array key "groups" in /var/www/html/VILASECA/CMDBPRnew/public/informes/process_grupos.php on line 138
[11-Jun-2026 18:00:56 America/Santiago] PHP Warning:  foreach() argument must be of type array|object, null given in /var/www/html/VILASECA/CMDBPRnew/public/informes/process_grupos.php on line 138
[11-Jun-2026 18:00:56 America/Santiago] PHP Warning:  Undefined array key "groups" in /var/www/html/VILASECA/CMDBPRnew/public/informes/process_grupos.php on line 138
[11-Jun-2026 18:00:56 America/Santiago] PHP Warning:  foreach() argument must be of type array|object, null given in /var/www/html/VILASECA/CMDBPRnew/public/informes/process_grupos.php on line 138
[11-Jun-2026 18:00:56 America/Santiago] PHP Warning:  Undefined array key "groups" in /var/www/html/VILASECA/CMDBPRnew/public/informes/process_grupos.php on line 138
[11-Jun-2026 18:00:56 America/Santiago] PHP Warning:  foreach() argument must be of type array|object, null given in /var/www/html/VILASECA/CMDBPRnew/public/informes/process_grupos.php on line 138
[11-Jun-2026 18:00:56 America/Santiago] PHP Warning:  Undefined array key "groups" in /var/www/html/VILASECA/CMDBPRnew/public/informes/process_grupos.php on line 138
[11-Jun-2026 18:00:56 America/Santiago] PHP Warning:  foreach() argument must be of type array|object, null given in /var/www/html/VILASECA/CMDBPRnew/public/informes/process_grupos.php on line 138
[11-Jun-2026 18:00:56 America/Santiago] PHP Warning:  Undefined array key "groups" in /var/www/html/VILASECA/CMDBPRnew/public/informes/process_grupos.php on line 138
[11-Jun-2026 18:00:56 America/Santiago] PHP Warning:  foreach() argument must be of type array|object, null given in /var/www/html/VILASECA/CMDBPRnew/public/informes/process_grupos.php on line 138
[11-Jun-2026 18:00:56 America/Santiago] PHP Warning:  Undefined array key "groups" in /var/www/html/VILASECA/CMDBPRnew/public/informes/process_grupos.php on line 138
[11-Jun-2026 18:00:56 America/Santiago] PHP Warning:  foreach() argument must be of type array|object, null given in /var/www/html/VILASECA/CMDBPRnew/public/informes/process_grupos.php on line 138
[11-Jun-2026 18:00:56 America/Santiago] PHP Warning:  Undefined array key "groups" in /var/www/html/VILASECA/CMDBPRnew/public/informes/process_grupos.php on line 138
[11-Jun-2026 18:00:56 America/Santiago] PHP Warning:  foreach() argument must be of type array|object, null given in /var/www/html/VILASECA/CMDBPRnew/public/informes/process_grupos.php on line 138
[11-Jun-2026 18:00:56 America/Santiago] PHP Warning:  Undefined array key "groups" in /var/www/html/VILASECA/CMDBPRnew/public/informes/process_grupos.php on line 138
[11-Jun-2026 18:00:56 America/Santiago] PHP Warning:  foreach() argument must be of type array|object, null given in /var/www/html/VILASECA/CMDBPRnew/public/informes/process_grupos.php on line 138
[11-Jun-2026 18:00:56 America/Santiago] PHP Warning:  Undefined array key "groups" in /var/www/html/VILASECA/CMDBPRnew/public/informes/process_grupos.php on line 138
[11-Jun-2026 18:00:56 America/Santiago] PHP Warning:  foreach() argument must be of type array|object, null given in /var/www/html/VILASECA/CMDBPRnew/public/informes/process_grupos.php on line 138
[11-Jun-2026 18:00:56 America/Santiago] PHP Warning:  Undefined array key "groups" in /var/www/html/VILASECA/CMDBPRnew/public/informes/process_grupos.php on line 138
[11-Jun-2026 18:00:56 America/Santiago] PHP Warning:  foreach() argument must be of type array|object, null given in /var/www/html/VILASECA/CMDBPRnew/public/informes/process_grupos.php on line 138
[11-Jun-2026 18:00:56 America/Santiago] PHP Warning:  Undefined array key "groups" in /var/www/html/VILASECA/CMDBPRnew/public/informes/process_grupos.php on line 138
[11-Jun-2026 18:00:56 America/Santiago] PHP Warning:  foreach() argument must be of type array|object, null given in /var/www/html/VILASECA/CMDBPRnew/public/informes/process_grupos.php on line 138
[11-Jun-2026 18:00:56 America/Santiago] PHP Warning:  Undefined array key "groups" in /var/www/html/VILASECA/CMDBPRnew/public/informes/process_grupos.php on line 138
[11-Jun-2026 18:00:56 America/Santiago] PHP Warning:  foreach() argument must be of type array|object, null given in /var/www/html/VILASECA/CMDBPRnew/public/informes/process_grupos.php on line 138
[11-Jun-2026 18:00:56 America/Santiago] PHP Warning:  Undefined array key "groups" in /var/www/html/VILASECA/CMDBPRnew/public/informes/process_grupos.php on line 138
[11-Jun-2026 18:00:56 America/Santiago] PHP Warning:  foreach() argument must be of type array|object, null given in /var/www/html/VILASECA/CMDBPRnew/public/informes/process_grupos.php on line 138
[11-Jun-2026 18:00:56 America/Santiago] PHP Warning:  Undefined array key "groups" in /var/www/html/VILASECA/CMDBPRnew/public/informes/process_grupos.php on line 138
[11-Jun-2026 18:00:56 America/Santiago] PHP Warning:  foreach() argument must be of type array|object, null given in /var/www/html/VILASECA/CMDBPRnew/public/informes/process_grupos.php on line 138
[11-Jun-2026 18:00:56 America/Santiago] PHP Warning:  Undefined array key "groups" in /var/www/html/VILASECA/CMDBPRnew/public/informes/process_grupos.php on line 138
[11-Jun-2026 18:00:56 America/Santiago] PHP Warning:  foreach() argument must be of type array|object, null given in /var/www/html/VILASECA/CMDBPRnew/public/informes/process_grupos.php on line 138
[11-Jun-2026 18:00:56 America/Santiago] PHP Warning:  Undefined array key "groups" in /var/www/html/VILASECA/CMDBPRnew/public/informes/process_grupos.php on line 138
[11-Jun-2026 18:00:56 America/Santiago] PHP Warning:  foreach() argument must be of type array|object, null given in /var/www/html/VILASECA/CMDBPRnew/public/informes/process_grupos.php on line 138
[11-Jun-2026 18:00:56 America/Santiago] PHP Warning:  Undefined array key "groups" in /var/www/html/VILASECA/CMDBPRnew/public/informes/process_grupos.php on line 138
[11-Jun-2026 18:00:56 America/Santiago] PHP Warning:  foreach() argument must be of type array|object, null given in /var/www/html/VILASECA/CMDBPRnew/public/informes/process_grupos.php on line 138
[11-Jun-2026 18:00:56 America/Santiago] PHP Warning:  Undefined array key "groups" in /var/www/html/VILASECA/CMDBPRnew/public/informes/process_grupos.php on line 138
[11-Jun-2026 18:00:56 America/Santiago] PHP Warning:  foreach() argument must be of type array|object, null given in /var/www/html/VILASECA/CMDBPRnew/public/informes/process_grupos.php on line 138
[11-Jun-2026 18:00:56 America/Santiago] PHP Warning:  Undefined array key "groups" in /var/www/html/VILASECA/CMDBPRnew/public/informes/process_grupos.php on line 138
[11-Jun-2026 18:00:56 America/Santiago] PHP Warning:  foreach() argument must be of type array|object, null given in /var/www/html/VILASECA/CMDBPRnew/public/informes/process_grupos.php on line 138
[11-Jun-2026 18:00:56 America/Santiago] PHP Warning:  Undefined array key "groups" in /var/www/html/VILASECA/CMDBPRnew/public/informes/process_grupos.php on line 138
[11-Jun-2026 18:00:56 America/Santiago] PHP Warning:  foreach() argument must be of type array|object, null given in /var/www/html/VILASECA/CMDBPRnew/public/informes/process_grupos.php on line 138
[11-Jun-2026 18:00:56 America/Santiago] PHP Warning:  Undefined array key "groups" in /var/www/html/VILASECA/CMDBPRnew/public/informes/process_grupos.php on line 138
[11-Jun-2026 18:00:56 America/Santiago] PHP Warning:  foreach() argument must be of type array|object, null given in /var/www/html/VILASECA/CMDBPRnew/public/informes/process_grupos.php on line 138
[11-Jun-2026 18:00:56 America/Santiago] PHP Warning:  Undefined array key "groups" in /var/www/html/VILASECA/CMDBPRnew/public/informes/process_grupos.php on line 138
[11-Jun-2026 18:00:56 America/Santiago] PHP Warning:  foreach() argument must be of type array|object, null given in /var/www/html/VILASECA/CMDBPRnew/public/informes/process_grupos.php on line 138
[11-Jun-2026 18:00:56 America/Santiago] PHP Warning:  Undefined array key "groups" in /var/www/html/VILASECA/CMDBPRnew/public/informes/process_grupos.php on line 138
[11-Jun-2026 18:00:56 America/Santiago] PHP Warning:  foreach() argument must be of type array|object, null given in /var/www/html/VILASECA/CMDBPRnew/public/informes/process_grupos.php on line 138
[11-Jun-2026 18:00:56 America/Santiago] PHP Warning:  Undefined array key "groups" in /var/www/html/VILASECA/CMDBPRnew/public/informes/process_grupos.php on line 138
[11-Jun-2026 18:00:56 America/Santiago] PHP Warning:  foreach() argument must be of type array|object, null given in /var/www/html/VILASECA/CMDBPRnew/public/informes/process_grupos.php on line 138
[11-Jun-2026 18:00:56 America/Santiago] PHP Warning:  Undefined array key "groups" in /var/www/html/VILASECA/CMDBPRnew/public/informes/process_grupos.php on line 138
[11-Jun-2026 18:00:56 America/Santiago] PHP Warning:  foreach() argument must be of type array|object, null given in /var/www/html/VILASECA/CMDBPRnew/public/informes/process_grupos.php on line 138
[11-Jun-2026 18:00:56 America/Santiago] PHP Warning:  Undefined array key "groups" in /var/www/html/VILASECA/CMDBPRnew/public/informes/process_grupos.php on line 138
[11-Jun-2026 18:00:56 America/Santiago] PHP Warning:  foreach() argument must be of type array|object, null given in /var/www/html/VILASECA/CMDBPRnew/public/informes/process_grupos.php on line 138
[11-Jun-2026 18:00:56 America/Santiago] PHP Warning:  Undefined array key "groups" in /var/www/html/VILASECA/CMDBPRnew/public/informes/process_grupos.php on line 138
[11-Jun-2026 18:00:56 America/Santiago] PHP Warning:  foreach() argument must be of type array|object, null given in /var/www/html/VILASECA/CMDBPRnew/public/informes/process_grupos.php on line 138
[11-Jun-2026 18:00:56 America/Santiago] PHP Warning:  Undefined array key "groups" in /var/www/html/VILASECA/CMDBPRnew/public/informes/process_grupos.php on line 138
[11-Jun-2026 18:00:56 America/Santiago] PHP Warning:  foreach() argument must be of type array|object, null given in /var/www/html/VILASECA/CMDBPRnew/public/informes/process_grupos.php on line 138
[11-Jun-2026 18:00:56 America/Santiago] PHP Warning:  Undefined array key "groups" in /var/www/html/VILASECA/CMDBPRnew/public/informes/process_grupos.php on line 138
[11-Jun-2026 18:00:56 America/Santiago] PHP Warning:  foreach() argument must be of type array|object, null given in /var/www/html/VILASECA/CMDBPRnew/public/informes/process_grupos.php on line 138
[11-Jun-2026 18:00:56 America/Santiago] PHP Warning:  Undefined array key "groups" in /var/www/html/VILASECA/CMDBPRnew/public/informes/process_grupos.php on line 138
[11-Jun-2026 18:00:56 America/Santiago] PHP Warning:  foreach() argument must be of type array|object, null given in /var/www/html/VILASECA/CMDBPRnew/public/informes/process_grupos.php on line 138
[11-Jun-2026 18:00:56 America/Santiago] PHP Warning:  Undefined array key "groups" in /var/www/html/VILASECA/CMDBPRnew/public/informes/process_grupos.php on line 138
[11-Jun-2026 18:00:56 America/Santiago] PHP Warning:  foreach() argument must be of type array|object, null given in /var/www/html/VILASECA/CMDBPRnew/public/informes/process_grupos.php on line 138
[11-Jun-2026 18:00:56 America/Santiago] PHP Warning:  Undefined array key "groups" in /var/www/html/VILASECA/CMDBPRnew/public/informes/process_grupos.php on line 138
[11-Jun-2026 18:00:56 America/Santiago] PHP Warning:  foreach() argument must be of type array|object, null given in /var/www/html/VILASECA/CMDBPRnew/public/informes/process_grupos.php on line 138
[11-Jun-2026 18:00:56 America/Santiago] PHP Warning:  Undefined array key "groups" in /var/www/html/VILASECA/CMDBPRnew/public/informes/process_grupos.php on line 138
[11-Jun-2026 18:00:56 America/Santiago] PHP Warning:  foreach() argument must be of type array|object, null given in /var/www/html/VILASECA/CMDBPRnew/public/informes/process_grupos.php on line 138
[11-Jun-2026 18:00:56 America/Santiago] PHP Warning:  Undefined array key "groups" in /var/www/html/VILASECA/CMDBPRnew/public/informes/process_grupos.php on line 138
[11-Jun-2026 18:00:56 America/Santiago] PHP Warning:  foreach() argument must be of type array|object, null given in /var/www/html/VILASECA/CMDBPRnew/public/informes/process_grupos.php on line 138
[11-Jun-2026 18:00:56 America/Santiago] PHP Warning:  Undefined array key "groups" in /var/www/html/VILASECA/CMDBPRnew/public/informes/process_grupos.php on line 138
[11-Jun-2026 18:00:56 America/Santiago] PHP Warning:  foreach() argument must be of type array|object, null given in /var/www/html/VILASECA/CMDBPRnew/public/informes/process_grupos.php on line 138
[11-Jun-2026 18:00:56 America/Santiago] PHP Warning:  Undefined array key "groups" in /var/www/html/VILASECA/CMDBPRnew/public/informes/process_grupos.php on line 138
[11-Jun-2026 18:00:56 America/Santiago] PHP Warning:  foreach() argument must be of type array|object, null given in /var/www/html/VILASECA/CMDBPRnew/public/informes/process_grupos.php on line 138
[11-Jun-2026 18:00:56 America/Santiago] PHP Warning:  Undefined array key "groups" in /var/www/html/VILASECA/CMDBPRnew/public/informes/process_grupos.php on line 138
[11-Jun-2026 18:00:56 America/Santiago] PHP Warning:  foreach() argument must be of type array|object, null given in /var/www/html/VILASECA/CMDBPRnew/public/informes/process_grupos.php on line 138
[11-Jun-2026 18:00:56 America/Santiago] PHP Warning:  Undefined array key "groups" in /var/www/html/VILASECA/CMDBPRnew/public/informes/process_grupos.php on line 138
[11-Jun-2026 18:00:56 America/Santiago] PHP Warning:  foreach() argument must be of type array|object, null given in /var/www/html/VILASECA/CMDBPRnew/public/informes/process_grupos.php on line 138
[11-Jun-2026 18:00:56 America/Santiago] PHP Warning:  Undefined array key "groups" in /var/www/html/VILASECA/CMDBPRnew/public/informes/process_grupos.php on line 138
[11-Jun-2026 18:00:56 America/Santiago] PHP Warning:  foreach() argument must be of type array|object, null given in /var/www/html/VILASECA/CMDBPRnew/public/informes/process_grupos.php on line 138
[11-Jun-2026 18:00:56 America/Santiago] PHP Warning:  Undefined array key "groups" in /var/www/html/VILASECA/CMDBPRnew/public/informes/process_grupos.php on line 138
[11-Jun-2026 18:00:56 America/Santiago] PHP Warning:  foreach() argument must be of type array|object, null given in /var/www/html/VILASECA/CMDBPRnew/public/informes/process_grupos.php on line 138
[11-Jun-2026 18:00:56 America/Santiago] PHP Warning:  Undefined array key "groups" in /var/www/html/VILASECA/CMDBPRnew/public/informes/process_grupos.php on line 138
[11-Jun-2026 18:00:56 America/Santiago] PHP Warning:  foreach() argument must be of type array|object, null given in /var/www/html/VILASECA/CMDBPRnew/public/informes/process_grupos.php on line 138
[11-Jun-2026 18:00:56 America/Santiago] PHP Warning:  Undefined array key "groups" in /var/www/html/VILASECA/CMDBPRnew/public/informes/process_grupos.php on line 138
[11-Jun-2026 18:00:56 America/Santiago] PHP Warning:  foreach() argument must be of type array|object, null given in /var/www/html/VILASECA/CMDBPRnew/public/informes/process_grupos.php on line 138
[11-Jun-2026 18:00:56 America/Santiago] PHP Warning:  Undefined array key "groups" in /var/www/html/VILASECA/CMDBPRnew/public/informes/process_grupos.php on line 138
[11-Jun-2026 18:00:56 America/Santiago] PHP Warning:  foreach() argument must be of type array|object, null given in /var/www/html/VILASECA/CMDBPRnew/public/informes/process_grupos.php on line 138
[11-Jun-2026 18:00:56 America/Santiago] PHP Warning:  Undefined array key "groups" in /var/www/html/VILASECA/CMDBPRnew/public/informes/process_grupos.php on line 138
[11-Jun-2026 18:00:56 America/Santiago] PHP Warning:  foreach() argument must be of type array|object, null given in /var/www/html/VILASECA/CMDBPRnew/public/informes/process_grupos.php on line 138
[11-Jun-2026 18:00:56 America/Santiago] PHP Warning:  Undefined array key "groups" in /var/www/html/VILASECA/CMDBPRnew/public/informes/process_grupos.php on line 138
[11-Jun-2026 18:00:56 America/Santiago] PHP Warning:  foreach() argument must be of type array|object, null given in /var/www/html/VILASECA/CMDBPRnew/public/informes/process_grupos.php on line 138
[11-Jun-2026 18:00:56 America/Santiago] PHP Warning:  Undefined array key "groups" in /var/www/html/VILASECA/CMDBPRnew/public/informes/process_grupos.php on line 138
[11-Jun-2026 18:00:56 America/Santiago] PHP Warning:  foreach() argument must be of type array|object, null given in /var/www/html/VILASECA/CMDBPRnew/public/informes/process_grupos.php on line 138
[11-Jun-2026 18:00:56 America/Santiago] PHP Warning:  Undefined array key "groups" in /var/www/html/VILASECA/CMDBPRnew/public/informes/process_grupos.php on line 138
[11-Jun-2026 18:00:56 America/Santiago] PHP Warning:  foreach() argument must be of type array|object, null given in /var/www/html/VILASECA/CMDBPRnew/public/informes/process_grupos.php on line 138
[11-Jun-2026 18:00:56 America/Santiago] PHP Warning:  Undefined array key "groups" in /var/www/html/VILASECA/CMDBPRnew/public/informes/process_grupos.php on line 138
[11-Jun-2026 18:00:56 America/Santiago] PHP Warning:  foreach() argument must be of type array|object, null given in /var/www/html/VILASECA/CMDBPRnew/public/informes/process_grupos.php on line 138
[11-Jun-2026 18:00:56 America/Santiago] PHP Warning:  Undefined array key "groups" in /var/www/html/VILASECA/CMDBPRnew/public/informes/process_grupos.php on line 138
[11-Jun-2026 18:00:56 America/Santiago] PHP Warning:  foreach() argument must be of type array|object, null given in /var/www/html/VILASECA/CMDBPRnew/public/informes/process_grupos.php on line 138
[11-Jun-2026 18:00:56 America/Santiago] PHP Warning:  Undefined array key "groups" in /var/www/html/VILASECA/CMDBPRnew/public/informes/process_grupos.php on line 138
[11-Jun-2026 18:00:56 America/Santiago] PHP Warning:  foreach() argument must be of type array|object, null given in /var/www/html/VILASECA/CMDBPRnew/public/informes/process_grupos.php on line 138
[11-Jun-2026 18:00:56 America/Santiago] PHP Warning:  Undefined array key "groups" in /var/www/html/VILASECA/CMDBPRnew/public/informes/process_grupos.php on line 138
[11-Jun-2026 18:00:56 America/Santiago] PHP Warning:  foreach() argument must be of type array|object, null given in /var/www/html/VILASECA/CMDBPRnew/public/informes/process_grupos.php on line 138
[11-Jun-2026 18:00:56 America/Santiago] PHP Warning:  Undefined array key "groups" in /var/www/html/VILASECA/CMDBPRnew/public/informes/process_grupos.php on line 138
[11-Jun-2026 18:00:56 America/Santiago] PHP Warning:  foreach() argument must be of type array|object, null given in /var/www/html/VILASECA/CMDBPRnew/public/informes/process_grupos.php on line 138
[11-Jun-2026 18:00:56 America/Santiago] PHP Warning:  Undefined array key "groups" in /var/www/html/VILASECA/CMDBPRnew/public/informes/process_grupos.php on line 138
[11-Jun-2026 18:00:56 America/Santiago] PHP Warning:  foreach() argument must be of type array|object, null given in /var/www/html/VILASECA/CMDBPRnew/public/informes/process_grupos.php on line 138
[11-Jun-2026 18:00:56 America/Santiago] PHP Warning:  Undefined array key "groups" in /var/www/html/VILASECA/CMDBPRnew/public/informes/process_grupos.php on line 138
[11-Jun-2026 18:00:56 America/Santiago] PHP Warning:  foreach() argument must be of type array|object, null given in /var/www/html/VILASECA/CMDBPRnew/public/informes/process_grupos.php on line 138
[11-Jun-2026 18:00:56 America/Santiago] PHP Warning:  Undefined array key "groups" in /var/www/html/VILASECA/CMDBPRnew/public/informes/process_grupos.php on line 138
[11-Jun-2026 18:00:56 America/Santiago] PHP Warning:  foreach() argument must be of type array|object, null given in /var/www/html/VILASECA/CMDBPRnew/public/informes/process_grupos.php on line 138
[11-Jun-2026 18:00:56 America/Santiago] PHP Warning:  Undefined array key "groups" in /var/www/html/VILASECA/CMDBPRnew/public/informes/process_grupos.php on line 138
[11-Jun-2026 18:00:56 America/Santiago] PHP Warning:  foreach() argument must be of type array|object, null given in /var/www/html/VILASECA/CMDBPRnew/public/informes/process_grupos.php on line 138
[11-Jun-2026 18:00:56 America/Santiago] PHP Warning:  Undefined array key "groups" in /var/www/html/VILASECA/CMDBPRnew/public/informes/process_grupos.php on line 138
[11-Jun-2026 18:00:56 America/Santiago] PHP Warning:  foreach() argument must be of type array|object, null given in /var/www/html/VILASECA/CMDBPRnew/public/informes/process_grupos.php on line 138
[11-Jun-2026 18:00:56 America/Santiago] PHP Warning:  Undefined array key "groups" in /var/www/html/VILASECA/CMDBPRnew/public/informes/process_grupos.php on line 138
[11-Jun-2026 18:00:56 America/Santiago] PHP Warning:  foreach() argument must be of type array|object, null given in /var/www/html/VILASECA/CMDBPRnew/public/informes/process_grupos.php on line 138
[11-Jun-2026 18:00:56 America/Santiago] PHP Warning:  Undefined array key "groups" in /var/www/html/VILASECA/CMDBPRnew/public/informes/process_grupos.php on line 138
[11-Jun-2026 18:00:56 America/Santiago] PHP Warning:  foreach() argument must be of type array|object, null given in /var/www/html/VILASECA/CMDBPRnew/public/informes/process_grupos.php on line 138
[11-Jun-2026 18:00:56 America/Santiago] PHP Warning:  Undefined array key "groups" in /var/www/html/VILASECA/CMDBPRnew/public/informes/process_grupos.php on line 138
[11-Jun-2026 18:00:56 America/Santiago] PHP Warning:  foreach() argument must be of type array|object, null given in /var/www/html/VILASECA/CMDBPRnew/public/informes/process_grupos.php on line 138
[11-Jun-2026 18:00:56 America/Santiago] PHP Warning:  Undefined array key "groups" in /var/www/html/VILASECA/CMDBPRnew/public/informes/process_grupos.php on line 138
[11-Jun-2026 18:00:56 America/Santiago] PHP Warning:  foreach() argument must be of type array|object, null given in /var/www/html/VILASECA/CMDBPRnew/public/informes/process_grupos.php on line 138
[11-Jun-2026 18:00:56 America/Santiago] PHP Warning:  Undefined variable $days_in_analysis in /var/www/html/VILASECA/CMDBPRnew/public/informes/process_grupos.php on line 384
[11-Jun-2026 18:02:03 America/Santiago] PHP Warning:  file_put_contents(/var/www/html/VILASECA/CMDBPRnew/public/informes/resultado/disponibilidad_20260611_180203.json): Failed to open stream: Permission denied in /var/www/html/VILASECA/CMDBPRnew/public/informes/process_report.php on line 395
[11-Jun-2026 18:02:09 America/Santiago] PHP Warning:  file_put_contents(/var/www/html/VILASECA/CMDBPRnew/public/informes/resultado/disponibilidad_grupos_20260611_180209.json): Failed to open stream: Permission denied in /var/www/html/VILASECA/CMDBPRnew/public/informes/process_grupos.php on line 403
[15-Jun-2026 11:52:54 America/Santiago] PHP Warning:  Undefined array key "z_index" in /var/www/html/VILASECA/CMDBPRnew/public/datacenter/floor_plan.php on line 543
[15-Jun-2026 11:52:54 America/Santiago] PHP Warning:  Undefined array key "z_index" in /var/www/html/VILASECA/CMDBPRnew/public/datacenter/floor_plan.php on line 543
[15-Jun-2026 11:53:04 America/Santiago] PHP Warning:  Undefined array key "z_index" in /var/www/html/VILASECA/CMDBPRnew/public/datacenter/floor_plan.php on line 543
[15-Jun-2026 11:53:04 America/Santiago] PHP Warning:  Undefined array key "z_index" in /var/www/html/VILASECA/CMDBPRnew/public/datacenter/floor_plan.php on line 543
[15-Jun-2026 11:53:14 America/Santiago] PHP Warning:  Undefined array key "z_index" in /var/www/html/VILASECA/CMDBPRnew/public/datacenter/floor_plan.php on line 543
[15-Jun-2026 11:53:14 America/Santiago] PHP Warning:  Undefined array key "z_index" in /var/www/html/VILASECA/CMDBPRnew/public/datacenter/floor_plan.php on line 543
[15-Jun-2026 12:15:16 America/Santiago] PHP Fatal error:  Uncaught Error: Call to undefined function has_module_access() in /var/www/html/VILASECA/CMDBPRnew/public/datacenter/floor_plan_3d.php:11
Stack trace:
#0 {main}
  thrown in /var/www/html/VILASECA/CMDBPRnew/public/datacenter/floor_plan_3d.php on line 11
